date,entry_time,exit_time,symbol,direction,strike,entry_price,exit_price,pnl_pts,pnl_rs,gross_pnl_rs,net_pnl_rs,peak_pnl,exit_reason,dte,candles_held,session,sl_pts,vix_at_entry,entry_mode,bias,hourly_rsi,brokerage,stt,exchange_charges,gst,stamp_duty,total_charges,num_exit_orders,qty_exited,entry_slippage,exit_slippage,lot_id,entry_ema9_high,entry_ema9_low,exit_ema9_high,exit_ema9_low,entry_band_position,exit_band_position,entry_body_pct,xleg_signal,xleg_other_close,xleg_other_ema9l,xleg_other_dying,xleg_other_margin,spike_close,spike_target,spike_fill,spike_wait_used
2026-02-20,09:30:02,09:30:50,NIFTY26FEB25450PE,PE,,162.6,142.25,-20.35,-1322.75,,,,HARD_SL,,,,,,,,,,,,,,,,,,,,,,,,,,,,,,,,,,,
2026-02-20,09:30:02,09:30:51,NIFTY26FEB25450PE,PE,,162.6,142.25,-20.35,-1322.75,,,,HARD_SL,,,,,,,,,,,,,,,,,,,,,,,,,,,,,,,,,,,
2026-02-20,11:57:56,12:33:02,NIFTY26FEB25550CE,CE,,178.05,209.9,31.85,2070.25,,,,GAMMA_RIDER,,,,,,,,,,,,,,,,,,,,,,,,,,,,,,,,,,,
2026-03-18,09:57:42,10:18:02,NIFTY2632423700PE,PE,,229.15,232.45,3.3,214.5,,,32.45,TRAIL_TIGHT,6,22,,,,,,,,,,,,,,,,,,,,,,,,,,,,,,,,,
2026-03-18,10:22:32,13:15:48,NIFTY2632423700CE,CE,,230.65,230.65,0.0,0.0,,,55.5,FORCE_EXIT,0,0,,,,,,,,,,,,,,,,,,,,,,,,,,,,,,,,,
2026-03-18,13:21:32,13:50:35,NIFTY2632423800CE,CE,,230.0,229.9,-0.1,-6.5,,,18.0,BREAKEVEN_SL,6,30,,,,,,,,,,,,,,,,,,,,,,,,,,,,,,,,,
2026-03-18,13:54:32,14:08:10,NIFTY2632423850CE,CE,,213.65,193.2,-20.45,-1329.25,,,8.0,PHASE1_SL,6,15,,,,,,,,,,,,,,,,,,,,,,,,,,,,,,,,,
2026-03-18,14:54:33,15:04:18,NIFTY2632423800PE,PE,,233.25,213.15,-20.1,-1306.5,,,3.45,PHASE1_SL,6,11,,,,,,,,,,,,,,,,,,,,,,,,,,,,,,,,,
2026-03-19,10:12:32,10:23:58,NIFTY2632423250PE,PE,,259.8,253.35,-6.45,-419.25,,,23.5,FLOOR_WIDE,5,12,,,,,,,,,,,,,,,,,,,,,,,,,,,,,,,,,
2026-03-19,10:45:32,10:55:37,NIFTY2632423300CE,CE,,231.4,212.8,-18.6,-1209.0,,,0.0,PHASE1_SL,5,11,,,,,,,,,,,,,,,,,,,,,,,,,,,,,,,,,
2026-03-19,11:00:32,11:17:54,NIFTY2632423250PE,PE,,241.7,267.2,25.5,1657.5,,,36.1,MODERATE_DRAWDOWN,5,18,,,,,,,,,,,,,,,,,,,,,,,,,,,,,,,,,
2026-03-19,11:28:00,11:28:01,NIFTY2632423250PE,PE,,260.8,256.3,-4.5,-292.5,,,0.0,BREAKEVEN_SL,5,1,,,,,,,,,,,,,,,,,,,,,,,,,,,,,,,,,
2026-03-19,12:42:32,12:49:25,NIFTY2632423250PE,PE,,248.65,230.55,-18.1,-1176.5,,,4.4,PHASE1_SL,5,8,,,,,,,,,,,,,,,,,,,,,,,,,,,,,,,,,
2026-03-19,13:06:32,13:21:43,NIFTY2632423250PE,PE,,248.95,272.6,23.65,1537.25,,,27.5,FORCE_EXIT,5,16,,,,,,,,,,,,,,,,,,,,,,,,,,,,,,,,,
2026-03-19,13:32:32,13:42:02,NIFTY2632423200PE,PE,,256.0,237.6,-18.4,-1196.0,,,7.0,PHASE1_SL,5,11,,,,,,,,,,,,,,,,,,,,,,,,,,,,,,,,,
2026-03-19,13:54:32,14:03:58,NIFTY2632423200PE,PE,,251.85,278.05,26.2,1703.0,,,34.35,MODERATE_DRAWDOWN,5,10,,,,,,,,,,,,,,,,,,,,,,,,,,,,,,,,,
2026-03-19,14:27:32,14:49:35,NIFTY2632423100PE,PE,,259.4,272.6,13.2,858.0,,,22.6,MODERATE_DRAWDOWN,5,23,,,,,,,,,,,,,,,,,,,,,,,,,,,,,,,,,
2026-03-19,15:06:32,15:10:27,NIFTY2632422950PE,PE,,257.85,239.65,-18.2,-1183.0,,,3.55,PHASE1_SL,5,5,,,,,,,,,,,,,,,,,,,,,,,,,,,,,,,,,
2026-03-20,09:54:31,10:23:17,NIFTY2632423250PE,PE,,252.15,251.7,-0.45,-29.25,,,18.05,BREAKEVEN_SL,4,30,,,,,,,,,,,,,,,,,,,,,,,,,,,,,,,,,
2026-03-20,10:33:36,10:47:03,NIFTY2632423300CE,CE,,229.1,245.0,15.9,1033.5,,,21.45,TIGHT_TRAIL,0,4,,,,,,,,,,,,,,,,,,,,,,,,,,,,,,,,,
2026-03-20,10:54:32,11:03:47,NIFTY2632423300CE,CE,,250.25,232.2,-18.05,-1173.25,,,1.05,PHASE1_SL,4,10,,,,,,,,,,,,,,,,,,,,,,,,,,,,,,,,,
2026-03-20,11:12:32,11:16:00,NIFTY2632423250PE,PE,,226.0,209.6,-16.4,-1066.0,,,1.15,STALE_ENTRY,4,5,,,,,,,,,,,,,,,,,,,,,,,,,,,,,,,,,
2026-03-20,11:29:32,11:35:00,NIFTY2632423300PE,PE,,224.1,225.55,1.45,94.25,,,1.45,STALE_ENTRY,0,5,,,,,,,,,,,,,,,,,,,,,,,,,,,,,,,,,
2026-03-20,12:42:32,12:54:40,NIFTY2632423200CE,CE,,248.4,265.7,17.3,1124.5,,,22.5,TIGHT_TRAIL,4,13,,,,,,,,,,,,,,,,,,,,,,,,,,,,,,,,,
2026-03-20,13:27:32,13:31:00,NIFTY2632423250CE,CE,,253.2,247.7,-5.5,-357.5,,,0.7,STALE_ENTRY,4,5,,,,,,,,,,,,,,,,,,,,,,,,,,,,,,,,,
2026-03-20,13:36:31,13:46:07,NIFTY2632423250CE,CE,,244.2,226.05,-18.15,-1179.75,,,10.5,PHASE1_SL,0,11,,,,,,,,,,,,,,,,,,,,,,,,,,,,,,,,,
2026-03-23,09:55:32,09:57:41,NIFTY2632422600PE,PE,,217.8,233.55,15.75,1023.75,,,20.9,TIGHT_TRAIL,1,3,,,,,,,,,,,,,,,,,,,,,,,,,,,,,,,,,
2026-03-23,10:13:31,10:21:08,NIFTY2632422600PE,PE,,242.3,259.3,17.0,1105.0,,,22.3,TIGHT_TRAIL,1,9,,,,,,,,,,,,,,,,,,,,,,,,,,,,,,,,,
2026-03-23,13:50:32,14:04:58,NIFTY2632422600CE,CE,,216.95,234.15,17.2,1118.0,,,22.45,TIGHT_TRAIL,1,15,,,,,,,,,,,,,,,,,,,,,,,,,,,,,,,,,
2026-03-23,14:34:32,14:36:11,NIFTY2632422500PE,PE,,207.1,194.95,-12.15,-789.75,,,0.0,PHASE1_SL,1,3,,,,,,,,,,,,,,,,,,,,,,,,,,,,,,,,,
2026-03-24,12:31:32,12:32:52,NIFTY2632422850CE,CE,,81.4,95.5,14.1,916.5,,,20.0,DRAWDOWN_EXIT,0,2,,,,,,,,,,,,,,,,,,,,,,,,,,,,,,,,,
2026-03-25,11:18:32,11:22:00,NIFTY26MAR23400CE,CE,,306.2,301.05,-5.15,-334.75,,,0.7,STALE_ENTRY,5,5,,,,,,,,,,,,,,,,,,,,,,,,,,,,,,,,,
2026-03-27,09:46:33,09:59:38,NIFTY26MAR23000PE,PE,23000,235.15,253.0,17.85,1160.25,,,26.15,DRAWDOWN_EXIT,3,14,OPEN,16.4,26.9,,,,,,,,,,,,,,,,,,,,,,,,,,,,,,
2026-03-27,13:40:32,13:42:58,NIFTY26MAR22900PE,PE,22900,219.45,205.35,-14.1,-916.5,,,0.0,PHASE1_SL,3,3,AFTERNOON,14.0,26.5,,,,,,,,,,,,,,,,,,,,,,,,,,,,,,
2026-04-01,13:55:32,13:57:23,NIFTY2640722700PE,PE,22700,289.45,274.4,-15.05,-978.25,,,5.15,PHASE1_SL,6,3,AFTERNOON,14.3,25.1,,,,,,,,,,,,,,,,,,,,,,,,,,,,,,
2026-04-01,14:02:31,14:03:11,NIFTY2640722700PE,PE,22700,292.3,274.5,-17.8,-1157.0,,,0.0,PHASE1_SL,6,2,LATE,17.8,25.0,,,,,,,,,,,,,,,,,,,,,,,,,,,,,,
2026-04-01,14:09:31,14:36:42,NIFTY2640722700CE,CE,22700,333.5,318.35,-15.15,-984.75,,,13.05,PHASE1_SL,6,28,LATE,15.0,25.0,,,,,,,,,,,,,,,,,,,,,,,,,,,,,,
2026-04-01,14:45:31,14:49:18,NIFTY2640722700PE,PE,22700,302.7,323.0,20.3,1319.5,,,30.95,ATR_TRAIL,6,5,LATE,12,25.3,,,,,,,,,,,,,,,,,,,,,,,,,,,,,,
2026-04-01,14:54:31,14:55:42,NIFTY2640722700PE,PE,22700,307.1,293.5,-13.6,-884.0,,,5.9,HARD_SL,6,2,LATE,12,25.1,,,,,,,,,,,,,,,,,,,,,,,,,,,,,,
2026-04-02,09:49:32,10:00:51,NIFTY2640722300PE,PE,22200,327.45,349.0,21.55,1400.75,,,30.55,FLOOR_SL,5,12,OPEN,12,26.2,,,,,,,,,,,,,,,,,,,,,,,,,,,,,,
2026-04-02,10:07:32,10:09:00,NIFTY2640722200PE,PE,22200,307.0,304.75,-2.25,-146.25,,,2.55,STALE_ENTRY,5,3,MORNING,12,26.2,,,,,,,,,,,,,,,,,,,,,,,,,,,,,,
2026-04-02,11:51:31,11:59:30,NIFTY2640722200CE,CE,22200,323.2,344.95,21.75,1413.75,,,30.25,ATR_TRAIL,5,9,MORNING,12,25.8,,,,,,,,,,,,,,,,,,,,,,,,,,,,,,
2026-04-02,12:04:32,12:05:28,NIFTY2640722300CE,CE,22300,286.75,274.6,-12.15,-789.75,,,0.0,HARD_SL,5,2,AFTERNOON,12,25.9,,,,,,,,,,,,,,,,,,,,,,,,,,,,,,
2026-04-02,12:31:31,12:37:06,NIFTY2640722300CE,CE,22300,291.2,332.7,41.5,2697.5,,,41.5,RSI_BLOWOFF,5,7,AFTERNOON,12,26.0,,,,,,,,,,,,,,,,,,,,,,,,,,,,,,
2026-04-02,12:42:31,12:42:50,NIFTY2640722300CE,CE,22300,332.85,319.9,-12.95,-841.75,,,0.0,HARD_SL,5,1,AFTERNOON,12,26.0,,,,,,,,,,,,,,,,,,,,,,,,,,,,,,
2026-04-02,12:49:31,12:51:00,NIFTY2640722300CE,CE,22400,335.0,323.5,-11.5,-747.5,,,1.3,STALE_ENTRY,5,3,AFTERNOON,12,25.9,,,,,,,,,,,,,,,,,,,,,,,,,,,,,,
2026-04-02,12:59:31,13:03:57,NIFTY2640722300CE,CE,22400,336.65,348.65,12.0,780.0,,,27.1,ATR_TRAIL,5,5,AFTERNOON,12,26.0,,,,,,,,,,,,,,,,,,,,,,,,,,,,,,
2026-04-02,13:09:32,13:13:55,NIFTY2640722400CE,CE,22400,287.0,272.9,-14.1,-916.5,,,5.0,HARD_SL,5,5,AFTERNOON,12,26.1,,,,,,,,,,,,,,,,,,,,,,,,,,,,,,
2026-04-02,13:19:31,13:21:00,NIFTY2640722400CE,CE,22400,297.5,296.0,-1.5,-97.5,,,2.1,STALE_ENTRY,5,3,AFTERNOON,12,26.1,,,,,,,,,,,,,,,,,,,,,,,,,,,,,,
2026-04-02,13:27:31,13:31:50,NIFTY2640722400CE,CE,22400,330.45,351.45,21.0,1365.0,,,35.2,ATR_TRAIL,5,5,AFTERNOON,12,26.1,,,,,,,,,,,,,,,,,,,,,,,,,,,,,,
2026-04-02,13:38:31,13:41:38,NIFTY2640722500CE,CE,22500,312.6,314.2,1.6,104.0,,,18.0,ATR_TRAIL,5,4,AFTERNOON,12,26.1,,,,,,,,,,,,,,,,,,,,,,,,,,,,,,
2026-04-02,13:54:31,13:54:32,NIFTY2640722500CE,CE,22500,336.2,323.4,-12.8,-832.0,,,0.0,HARD_SL,5,1,AFTERNOON,12,26.1,,,,,,,,,,,,,,,,,,,,,,,,,,,,,,
2026-04-02,14:01:31,14:02:07,NIFTY2640722500CE,CE,22500,326.85,313.55,-13.3,-864.5,,,2.95,HARD_SL,5,2,LATE,12,26.0,,,,,,,,,,,,,,,,,,,,,,,,,,,,,,
2026-04-02,14:09:31,14:16:37,NIFTY2640722500CE,CE,22600,331.8,386.0,54.2,3523.0,,,73.85,ATR_TRAIL,5,8,LATE,12,25.8,,,,,,,,,,,,,,,,,,,,,,,,,,,,,,
2026-04-02,14:28:32,14:34:40,NIFTY2640722600CE,CE,22700,327.95,329.15,1.2,78.0,,,14.0,PROFIT_FLOOR,5,7,LATE,12,25.6,,,,,,,,,,,,,,,,,,,,,,,,,,,,,,
2026-04-02,14:43:32,14:45:47,NIFTY2640722700PE,PE,22600,333.95,344.75,10.8,702.0,,,20.65,PROFIT_FLOOR,5,3,LATE,12,25.8,,,,,,,,,,,,,,,,,,,,,,,,,,,,,,
2026-04-02,15:06:31,15:13:14,NIFTY2640722600CE,CE,22700,319.0,341.0,22.0,1430.0,,,34.75,PROFIT_FLOOR,5,8,LATE,12,25.4,,,,,,,,,,,,,,,,,,,,,,,,,,,,,,
2026-04-06,09:55:31,09:56:49,NIFTY2640722600PE,PE,0,226.7,226.4,-0.3,-19.5,,,0.1,STALE_ENTRY,0,3,,0.0,26.6,,,,,,,,,,,,,,,,,,,,,,,,,,,,,,
2026-04-06,10:14:31,10:16:48,NIFTY2640722600CE,CE,22600,230.8,242.3,11.5,747.5,,,21.85,PROFIT_FLOOR,1,3,MORNING,12,26.2,,,,,,,,,,,,,,,,,,,,,,,,,,,,,,
2026-04-06,10:40:31,10:41:52,NIFTY2640722600CE,CE,22700,240.0,227.4,-12.6,-1638.0,,,0.0,HARD_SL,1,2,MORNING,12,26.1,,,,,,,,,,,,,,,,,,,,,,,,,,,,,,
2026-04-06,10:47:31,10:51:39,NIFTY2640722600CE,CE,22700,237.0,239.0,2.0,260.0,,,10.8,PROFIT_FLOOR,1,5,MORNING,12,26.1,,,,,,,,,,,,,,,,,,,,,,,,,,,,,,
2026-04-06,11:03:31,11:03:58,NIFTY2640722700PE,PE,22700,247.3,248.8,1.5,195.0,,,10.7,PROFIT_FLOOR,1,1,MORNING,12,26.2,,,,,,,,,,,,,,,,,,,,,,,,,,,,,,
2026-04-06,11:14:31,11:16:00,NIFTY2640722600PE,PE,22600,223.75,225.0,1.25,162.5,,,1.25,STALE_ENTRY,1,3,MORNING,12,26.4,,,,,,,,,,,,,,,,,,,,,,,,,,,,,,
2026-04-06,11:39:31,11:39:45,NIFTY2640722600CE,CE,22600,222.6,210.35,-12.25,-1592.5,,,0.0,HARD_SL,1,1,MORNING,12,26.1,,,,,,,,,,,,,,,,,,,,,,,,,,,,,,
2026-04-06,11:45:31,11:57:49,NIFTY2640722600CE,CE,22600,222.55,253.3,30.75,1998.75,,,43.4,ATR_TRAIL,1,13,MORNING,12,26.1,,,,,,,,,,,,,,,,,,,,,,,,,,,,,,
2026-04-06,,11:57:49,,,22600,222.55,253.3,30.75,1998.75,,,0.0,FLOOR_SL,1,0,MORNING,12,26.1,,,,,,,,,,,,,,,,,,,,,,,,,,,,,,
2026-04-06,12:08:32,12:14:10,NIFTY2640722700CE,CE,22700,191.05,178.5,-12.55,-1631.5,,,7.65,HARD_SL,1,7,AFTERNOON,12,26.1,,,,,,,,,,,,,,,,,,,,,,,,,,,,,,
2026-04-06,12:23:31,12:23:46,NIFTY2640722700CE,CE,22700,212.75,200.6,-12.15,-1579.5,,,0.0,HARD_SL,1,1,AFTERNOON,12,26.0,,,,,,,,,,,,,,,,,,,,,,,,,,,,,,
2026-04-06,12:29:31,12:31:45,NIFTY2640722700CE,CE,22700,213.75,201.65,-12.1,-1573.0,,,0.2,HARD_SL,1,3,AFTERNOON,12,26.0,,,,,,,,,,,,,,,,,,,,,,,,,,,,,,
2026-04-06,12:38:31,12:40:50,NIFTY2640722700PE,PE,22700,214.6,202.3,-12.3,-1599.0,,,2.05,HARD_SL,1,3,AFTERNOON,12,26.0,,,,,,,,,,,,,,,,,,,,,,,,,,,,,,
2026-04-06,12:49:31,12:52:03,NIFTY2640722700CE,CE,22700,220.9,242.0,21.1,1371.5,,,30.5,ATR_TRAIL,1,4,AFTERNOON,12,25.9,,,,,,,,,,,,,,,,,,,,,,,,,,,,,,
2026-04-06,,12:52:03,,,22700,220.9,242.0,21.1,1371.5,,,0.0,FLOOR_SL,1,0,AFTERNOON,12,25.9,,,,,,,,,,,,,,,,,,,,,,,,,,,,,,
2026-04-06,13:08:31,13:12:04,NIFTY2640722700CE,CE,22700,262.15,292.1,29.95,1946.75,,,33.95,RSI_SPIKE,1,5,AFTERNOON,12,26.0,,,,,,,,,,,,,,,,,,,,,,,,,,,,,,
2026-04-06,13:08:31,13:13:46,NIFTY2640722700CE,CE,22700,262.15,294.0,31.85,2070.25,,,45.75,ATR_TRAIL,1,6,AFTERNOON,12,26.0,,,,,,,,,,,,,,,,,,,,,,,,,,,,,,
2026-04-06,13:32:31,13:39:32,NIFTY2640722900CE,CE,22900,200.75,188.15,-12.6,-1638.0,,,4.65,HARD_SL,1,8,AFTERNOON,12,25.8,,,,,,,,,,,,,,,,,,,,,,,,,,,,,,
2026-04-06,14:13:31,14:16:50,NIFTY2640722900CE,CE,22900,208.25,195.7,-12.55,-1631.5,,,6.3,HARD_SL,1,4,LATE,12,25.7,,,,,,,,,,,,,,,,,,,,,,,,,,,,,,
2026-04-06,15:03:32,15:03:54,NIFTY2640722900CE,CE,22900,224.35,211.6,-12.75,-1657.5,,,0.0,HARD_SL,1,1,LATE,12,25.5,,,,,,,,,,,,,,,,,,,,,,,,,,,,,,
2026-04-07,10:01:31,10:02:06,NIFTY2640722850CE,CE,22850,125.5,126.25,0.75,97.5,,,14.35,PROFIT_FLOOR,0,2,MORNING,12,25.5,,,,,,,,,,,,,,,,,,,,,,,,,,,,,,
2026-04-07,10:15:32,10:18:58,NIFTY2640722900CE,CE,22900,105.95,107.7,1.75,227.5,,,18.0,PROFIT_FLOOR,0,4,MORNING,12,25.5,,,,,,,,,,,,,,,,,,,,,,,,,,,,,,
2026-04-07,10:35:31,10:37:42,NIFTY2640722950PE,PE,22950,105.7,107.65,1.95,253.5,,,19.8,PROFIT_FLOOR,0,3,MORNING,12,25.4,MOMENTUM,,,,,,,,,,,,,,,,,,,,,,,,,,,,,
2026-04-07,10:40:31,10:44:28,NIFTY2640722900CE,CE,22900,102.65,114.65,12.0,1560.0,,,22.95,PROFIT_FLOOR,0,5,MORNING,12,25.3,MOMENTUM,,,,,,,,,,,,,,,,,,,,,,,,,,,,,
2026-04-07,10:52:31,10:54:57,NIFTY2640722950PE,PE,22950,99.65,131.4,31.75,2063.75,,,45.25,ATR_TRAIL,0,3,MORNING,12,25.4,MOMENTUM,,,,,,,,,,,,,,,,,,,,,,,,,,,,,
2026-04-07,,10:54:57,,,22950,99.65,131.4,31.75,2063.75,,,0.0,FLOOR_SL,0,0,MORNING,12,25.4,MOMENTUM,,,,,,,,,,,,,,,,,,,,,,,,,,,,,
2026-04-07,11:22:32,11:40:11,NIFTY2640722900CE,CE,22900,86.2,97.55,11.35,1475.5,,,27.35,PROFIT_FLOOR,0,19,MORNING,12,25.4,MOMENTUM,,,,,,,,,,,,,,,,,,,,,,,,,,,,,
2026-04-07,11:56:31,11:58:03,NIFTY2640722950CE,CE,22950,80.6,99.4,18.8,1222.0,,,26.45,RSI_SPIKE,0,3,MORNING,12,25.3,MOMENTUM,,,,,,,,,,,,,,,,,,,,,,,,,,,,,
2026-04-07,11:56:31,11:58:26,NIFTY2640722950CE,CE,22950,80.6,92.05,11.45,744.25,,,26.45,ATR_TRAIL,0,3,MORNING,12,25.3,MOMENTUM,,,,,,,,,,,,,,,,,,,,,,,,,,,,,
2026-04-07,12:04:32,12:06:32,NIFTY2640723000PE,PE,23000,104.7,106.7,2.0,260.0,,,13.15,PROFIT_FLOOR,0,3,AFTERNOON,12,25.4,MOMENTUM,,,,,,,,,,,,,,,,,,,,,,,,,,,,,
2026-04-07,12:24:33,12:28:00,NIFTY2640722900PE,PE,22900,65.6,65.5,-0.1,-13.0,,,2.2,STALE_ENTRY,0,5,AFTERNOON,12,25.5,EMA,,,,,,,,,,,,,,,,,,,,,,,,,,,,,
2026-04-07,13:18:37,13:23:28,NIFTY2640722900CE,CE,22900,93.5,81.2,-12.3,-1599.0,,,8.85,HARD_SL,0,6,AFTERNOON,12,25.4,EMA,,,,,,,,,,,,,,,,,,,,,,,,,,,,,
2026-04-07,13:31:31,13:32:52,NIFTY2640722950CE,CE,22950,78.35,99.55,21.2,2756.0,,,30.55,PROFIT_FLOOR,0,2,AFTERNOON,12,25.3,BOTH,,,,,,,,,,,,,,,,,,,,,,,,,,,,,
2026-04-07,13:43:31,13:47:58,NIFTY2640723000CE,CE,23000,91.3,81.25,-10.05,-653.25,,,8.8,ATR_TRAIL,0,5,AFTERNOON,12,25.1,EMA,,,,,,,,,,,,,,,,,,,,,,,,,,,,,
2026-04-07,13:43:31,13:47:59,NIFTY2640723000CE,CE,23000,91.3,78.95,-12.35,-802.75,,,8.8,HARD_SL,0,5,AFTERNOON,12,25.1,EMA,,,,,,,,,,,,,,,,,,,,,,,,,,,,,
2026-04-07,13:51:32,13:51:33,NIFTY2640723050PE,PE,23050,75.85,62.15,-13.7,-1781.0,,,0.0,HARD_SL,0,1,AFTERNOON,12,25.1,MOMENTUM,,,,,,,,,,,,,,,,,,,,,,,,,,,,,
2026-04-07,13:53:32,13:54:57,NIFTY2640723000CE,CE,23000,83.95,71.6,-12.35,-1605.5,,,0.45,HARD_SL,0,2,AFTERNOON,12,25.1,BOTH,,,,,,,,,,,,,,,,,,,,,,,,,,,,,
2026-04-07,13:58:32,13:59:04,NIFTY2640723050PE,PE,23050,97.1,98.45,1.35,175.5,,,14.4,PROFIT_FLOOR,0,2,AFTERNOON,12,25.1,MOMENTUM,,,,,,,,,,,,,,,,,,,,,,,,,,,,,
2026-04-07,14:03:32,14:06:00,NIFTY2640722950CE,CE,22950,86.2,88.2,2.0,260.0,,,10.1,PROFIT_FLOOR,0,4,LATE,12,25.1,MOMENTUM,,,,,,,,,,,,,,,,,,,,,,,,,,,,,
2026-04-07,14:28:32,14:34:36,NIFTY2640723000CE,CE,23000,55.9,56.35,0.45,58.5,,,19.9,PROFIT_FLOOR,0,7,LATE,12,25.0,MOMENTUM,,,,,,,,,,,,,,,,,,,,,,,,,,,,,
2026-04-07,14:36:31,14:37:35,NIFTY2640723050PE,PE,23050,50.85,62.6,11.75,1527.5,,,20.75,PROFIT_FLOOR,0,2,LATE,12,25.1,MOMENTUM,,,,,,,,,,,,,,,,,,,,,,,,,,,,,
2026-04-07,14:50:32,14:51:15,NIFTY2640723000CE,CE,23000,62.1,72.2,10.1,1313.0,,,21.45,PROFIT_FLOOR,0,2,LATE,12,25.0,MOMENTUM,,,,,,,,,,,,,,,,,,,,,,,,,,,,,
2026-04-07,15:03:31,15:10:20,NIFTY2640723050CE,CE,23050,68.45,68.95,0.5,32.5,,,13.4,ATR_TRAIL,0,8,LATE,12,24.6,EMA,,,,,,,,,,,,,,,,,,,,,,,,,,,,,
2026-04-07,,15:10:20,,,23050,68.45,68.95,0.5,32.5,,,0.0,FLOOR_SL,0,0,LATE,12,24.6,EMA,,,,,,,,,,,,,,,,,,,,,,,,,,,,,
2026-04-08,10:44:32,10:49:13,NIFTY2641323900CE,CE,23900,241.55,248.5,6.95,903.5,,,13.05,TRAIL_FLOOR,5,6,MORNING,12,19.6,MOMENTUM,,,,,,,,,,,,,,,,,,,,,,,,,,,,,
2026-04-08,11:27:32,11:31:00,NIFTY2641324000PE,PE,24000,218.4,217.9,-0.5,-65.0,,,2.45,STALE_ENTRY,5,5,MORNING,12,19.5,MOMENTUM,,,,,,,,,,,,,,,,,,,,,,,,,,,,,
2026-04-08,11:39:32,11:42:23,NIFTY2641324000PE,PE,24000,230.15,217.75,-12.4,-1612.0,,,0.0,HARD_SL,5,4,MORNING,12,19.6,MOMENTUM,,,,,,,,,,,,,,,,,,,,,,,,,,,,,
2026-04-08,11:52:32,12:06:02,NIFTY2641324000PE,PE,24000,235.5,223.15,-12.35,-1605.5,,,9.45,HARD_SL,5,15,MORNING,12,19.6,MOMENTUM,,,,,,,,,,,,,,,,,,,,,,,,,,,,,
2026-04-08,12:31:32,12:32:04,NIFTY2641324000PE,PE,24000,239.9,256.55,16.65,2164.5,,,19.45,RSI_BLOWOFF,5,2,AFTERNOON,12,19.8,MOMENTUM,,,,,,,,,,,,,,,,,,,,,,,,,,,,,
2026-04-08,12:57:32,13:08:00,NIFTY2641323900CE,CE,23900,260.0,247.35,-12.65,-1644.5,,,3.05,HARD_SL,5,12,AFTERNOON,12,19.6,CONFIRMED,,,,,,,,,,,,,,,,,,,,,,,,,,,,,
2026-04-08,13:37:32,13:40:09,NIFTY2641323900CE,CE,23900,274.7,278.3,3.6,468.0,,,12.3,TRAIL_FLOOR,5,4,AFTERNOON,12,19.6,CONFIRMED,,,,,,,,,,,,,,,,,,,,,,,,,,,,,
2026-04-08,13:42:32,13:56:50,NIFTY2641324000PE,PE,24000,216.4,218.2,1.8,234.0,,,10.0,TRAIL_FLOOR,5,15,AFTERNOON,12,19.7,MOMENTUM,,,,,,,,,,,,,,,,,,,,,,,,,,,,,
2026-04-08,14:07:32,14:11:00,NIFTY2641324000PE,PE,24000,230.8,228.6,-2.2,-286.0,,,0.35,STALE_ENTRY,5,5,LATE,12,19.7,MOMENTUM,,,,,,,,,,,,,,,,,,,,,,,,,,,,,
2026-04-08,14:51:32,14:55:00,NIFTY2641324000PE,PE,24000,213.15,210.1,-3.05,-396.5,,,2.35,STALE_ENTRY,5,5,LATE,12,19.8,MOMENTUM,,,,,,,,,,,,,,,,,,,,,,,,,,,,,
2026-04-08,15:01:32,15:03:09,NIFTY2641324000PE,PE,24000,219.9,207.85,-12.05,-1566.5,,,1.9,HARD_SL,5,3,LATE,12,19.8,MOMENTUM,,,,,,,,,,,,,,,,,,,,,,,,,,,,,
2026-04-08,15:04:32,15:13:58,NIFTY2641324000CE,CE,24000,212.85,214.5,1.65,214.5,,,10.55,TRAIL_FLOOR,5,10,LATE,12,19.7,MOMENTUM,,,,,,,,,,,,,,,,,,,,,,,,,,,,,
2026-04-09,10:17:32,10:17:40,NIFTY2641323850PE,PE,23850,215.35,209.3,-6.05,-393.25,-393.25,-466.66,0.0,SCOUT_SL,4,1,MORNING,12,20.5,MOMENTUM,,,40.0,8.5,14.63,9.83,0.42,73.41,1,65,0,0,LOT1,,,,,,,,,,,,,,,,
2026-04-09,10:17:32,10:17:58,NIFTY2641323850PE,PE,23850,215.35,203.25,-12.1,-786.5,-786.5,-859.43,0.0,HARD_SL,4,1,MORNING,12,20.5,MOMENTUM,,,40.0,8.26,14.42,9.8,0.42,72.93,1,65,0,0,LOT2,,,,,,,,,,,,,,,,
2026-04-09,10:20:31,10:22:59,NIFTY2641323850CE,CE,23850,219.65,212.3,-7.35,-477.75,-477.75,-551.59,2.25,SCOUT_SL,4,3,MORNING,12,20.4,MOMENTUM,,,40.0,8.62,14.88,9.88,0.43,73.84,1,65,0,0,LOT1,,,,,,,,,,,,,,,,
2026-04-09,10:20:31,10:24:00,NIFTY2641323850CE,CE,23850,219.65,218.0,-1.65,-214.5,-214.5,-315.91,2.25,STALE_ENTRY,4,5,MORNING,12,20.4,MOMENTUM,,,40.0,17.71,30.15,12.63,0.86,101.41,1,130,0,0,ALL,,,,,,,,,,,,,,,,
2026-04-09,10:28:31,10:29:58,NIFTY2641323850PE,PE,23850,212.8,206.5,-6.3,-409.5,-409.5,-482.57,2.2,SCOUT_SL,4,2,MORNING,12,20.5,MOMENTUM,,,40.0,8.39,14.44,9.8,0.41,73.07,1,65,0,0,LOT1,,,,,,,,,,,,,,,,
2026-04-09,10:28:31,10:30:30,NIFTY2641323850PE,PE,23850,212.8,200.6,-12.2,-793.0,-793.0,-865.59,2.2,HARD_SL,4,3,MORNING,12,20.4,MOMENTUM,,,40.0,8.15,14.24,9.76,0.41,72.59,1,65,0,0,LOT2,,,,,,,,,,,,,,,,
2026-04-09,10:40:32,10:41:58,NIFTY2641323850PE,PE,23850,210.05,210.0,-0.05,-3.25,-3.25,-76.49,8.3,TRAIL_FLOOR,4,2,MORNING,12,20.5,MOMENTUM,,,40.0,8.53,14.47,9.8,0.41,73.24,1,65,0,0,LOT1,,,,,,,,,,,,,,,,
2026-04-09,10:40:32,10:41:58,NIFTY2641323850PE,PE,23850,210.05,210.0,-0.05,-3.25,-3.25,-76.49,8.3,TRAIL_FLOOR,4,2,MORNING,12,20.5,MOMENTUM,,,40.0,8.53,14.47,9.8,0.41,73.24,1,65,0,0,LOT2,,,,,,,,,,,,,,,,
2026-04-09,11:20:31,11:24:15,NIFTY2641323850PE,PE,23850,210.7,204.0,-6.7,-435.5,-435.5,-508.29,7.3,SCOUT_SL,4,5,MORNING,12,20.3,MOMENTUM,,,40.0,8.29,14.29,9.77,0.41,72.79,1,65,0,0,LOT1,,,,,,,,,,,,,,,,
2026-04-09,11:20:31,11:26:00,NIFTY2641323850PE,PE,23850,210.7,198.4,-12.3,-799.5,-799.5,-871.83,7.3,HARD_SL,4,7,MORNING,12,20.3,MOMENTUM,,,40.0,8.06,14.09,9.74,0.41,72.33,1,65,0,0,LOT2,,,,,,,,,,,,,,,,
2026-04-09,11:51:31,11:56:53,NIFTY2641323900CE,CE,23900,199.0,199.95,0.95,61.75,61.75,-10.2,8.95,TRAIL_FLOOR,4,6,MORNING,12,20.1,MOMENTUM,,,40.0,8.12,13.74,9.67,0.39,71.95,1,65,0,0,LOT1,,,,,,,,,,,,,,,,
2026-04-09,11:51:31,11:56:53,NIFTY2641323900CE,CE,23900,199.0,199.95,0.95,61.75,61.75,-10.2,8.95,TRAIL_FLOOR,4,6,MORNING,12,20.1,MOMENTUM,,,40.0,8.12,13.74,9.67,0.39,71.95,1,65,0,0,LOT2,,,,,,,,,,,,,,,,
2026-04-09,13:03:32,13:03:49,NIFTY2641323850PE,PE,23850,205.85,199.3,-6.55,-425.75,-425.75,-497.95,0.0,SCOUT_SL,4,1,AFTERNOON,12,20.4,EMA,,,40.0,8.1,13.96,9.71,0.4,72.2,1,65,0,0,LOT1,,,,,,,,,,,,,,,,
2026-04-09,13:03:32,13:13:52,NIFTY2641323850PE,PE,23850,205.85,210.15,4.3,279.5,279.5,206.42,12.3,TRAIL_FLOOR,4,11,AFTERNOON,12,20.5,EMA,,,40.0,8.54,14.33,9.78,0.4,73.08,1,65,0,0,LOT2,,,,,,,,,,,,,,,,
2026-04-09,13:24:31,13:32:42,NIFTY2641323800PE,PE,23750,202.25,214.15,11.9,773.5,773.5,700.26,20.85,TRAIL_FLOOR,0,10,,0.0,20.8,,,,40.0,8.7,14.34,9.78,0.39,73.24,1,65,0,0,LOT1,,,,,,,,,,,,,,,,
2026-04-09,13:24:31,13:32:42,NIFTY2641323800PE,PE,23750,202.25,214.15,11.9,773.5,773.5,700.26,20.85,TRAIL_FLOOR,0,10,,0.0,20.8,,,,40.0,8.7,14.34,9.78,0.39,73.24,1,65,0,0,LOT2,,,,,,,,,,,,,,,,
2026-04-10,10:07:32,10:09:46,NIFTY2641323950PE,PE,23950,158.4,146.3,-12.1,-1573.0,-1573.0,-1657.52,3.4,CANDLE_SL,3,3,MORNING,12,19.3,FAST,,,40.0,11.89,20.99,10.98,0.62,84.52,1,130,0,0,ALL,,,,,,,,,,,,,,,,
2026-04-10,10:15:31,12:26:11,NIFTY2641324000CE,CE,24000,151.85,161.95,10.1,1313.0,1313.0,1226.5,15.45,TRAIL_FLOOR,0,37,,0.0,18.8,,,,40.0,13.16,21.62,11.09,0.59,86.5,1,130,0,0,ALL,,,,,,,,,,,,,,,,
2026-04-10,14:21:31,14:23:20,NIFTY2641324000CE,CE,24000,141.9,129.85,-12.05,-1566.5,-1566.5,-1646.93,5.7,CANDLE_SL,3,3,LATE,12,19.1,FAST,,,40.0,10.55,18.72,10.57,0.55,80.43,1,130,0,0,ALL,,,,,,,,,,,,,,,,
2026-04-10,14:27:32,14:43:35,NIFTY2641324000PE,PE,24000,161.75,161.75,0.0,0.0,0.0,-87.31,10.75,FORCE_EXIT,0,19,,0.0,19.3,,,,40.0,13.14,22.29,11.21,0.63,87.31,1,130,0,0,ALL,,,,,,,,,,,,,,,,
2026-04-10,14:52:31,14:56:00,NIFTY2641324000CE,CE,24000,148.05,143.9,-4.15,-539.5,-539.5,-622.75,2.95,STALE_ENTRY,3,5,LATE,12,19.1,FAST,,,40.0,11.69,20.12,10.82,0.58,83.25,1,130,0,0,ALL,,,,,,,,,,,,,,,,
2026-04-13,09:38:31,09:41:26,NIFTY2641323600PE,PE,23600,92.3,78.55,-13.75,-1787.5,-1787.5,-1855.35,0.0,CANDLE_SL,0,4,OPEN,12,21.3,FAST,,,40.0,6.38,11.77,9.32,0.36,67.85,1,130,0,0,ALL,,,,,,,,,,,,,,,,
2026-04-13,09:56:31,10:04:33,NIFTY2641323650CE,CE,23650,78.6,72.25,-6.35,-825.5,-825.5,-891.16,9.6,PROFIT_FLOOR,0,9,OPEN,12,20.9,FAST,,,40.0,5.87,10.39,9.07,0.31,65.66,1,130,0,0,ALL,,,,,,,,,,,,,,,,
2026-04-13,10:17:30,10:18:57,NIFTY2641323650PE,PE,23650,82.35,69.9,-12.45,-1618.5,-1618.5,-1684.1,0.85,CANDLE_SL,0,2,MORNING,12,20.9,FAST,,,40.0,5.68,10.49,9.09,0.32,65.6,1,130,0,0,ALL,,,,,,,,,,,,,,,,
2026-04-13,10:23:31,10:54:34,NIFTY2641323700CE,CE,23750,80.2,82.15,1.95,253.5,253.5,186.1,10.4,PROFIT_FLOOR,0,13,,0.0,20.8,,,,40.0,6.67,11.19,9.21,0.31,67.4,1,130,0,0,ALL,,,,,,,,,,,,,,,,
2026-04-13,11:02:31,11:06:00,NIFTY2641323750PE,PE,23750,79.3,70.2,-9.1,-1183.0,-1183.0,-1248.38,1.2,STALE_ENTRY,0,5,MORNING,12,20.7,FAST,,,40.0,5.7,10.3,9.05,0.31,65.38,1,130,0,0,ALL,,,,,,,,,,,,,,,,
2026-04-13,11:09:31,11:13:00,NIFTY2641323750CE,CE,23750,59.85,58.15,-1.7,-221.0,-221.0,-282.76,1.95,STALE_ENTRY,0,5,MORNING,12,20.8,FAST,,,40.0,4.72,8.13,8.66,0.23,61.76,1,130,0,0,ALL,,,,,,,,,,,,,,,,
2026-04-13,11:22:31,11:23:13,NIFTY2641323750PE,PE,23750,75.75,63.7,-12.05,-1566.5,-1566.5,-1630.54,0.0,CANDLE_SL,0,2,MORNING,12,20.7,FAST,,,40.0,5.18,9.61,8.93,0.3,64.04,1,130,0,0,ALL,,,,,,,,,,,,,,,,
2026-04-13,11:33:31,11:37:00,NIFTY2641323750PE,PE,23750,75.7,64.9,-10.8,-1404.0,-1404.0,-1468.22,1.4,STALE_ENTRY,0,5,MORNING,12,20.7,FAST,,,40.0,5.27,9.69,8.94,0.3,64.22,1,130,0,0,ALL,,,,,,,,,,,,,,,,
2026-04-13,11:37:31,11:38:16,NIFTY2641323750CE,CE,23750,58.7,64.75,6.05,786.5,786.5,723.75,6.05,PROFIT_FLOOR,0,1,MORNING,12,20.7,FAST,,,40.0,5.26,8.51,8.73,0.23,62.75,1,130,0,0,ALL,,,,,,,,,,,,,,,,
2026-04-13,11:50:30,11:50:32,NIFTY2641323800CE,CE,23800,47.95,53.15,5.2,676.0,676.0,616.06,5.2,PROFIT_FLOOR,0,1,MORNING,12,20.6,FAST,,,40.0,4.32,6.97,8.45,0.19,59.94,1,130,0,0,ALL,,,,,,,,,,,,,,,,
2026-04-13,11:56:30,13:06:59,NIFTY2641323800CE,CE,23800,65.45,52.45,-13.0,-1690.0,-1690.0,-1751.32,0.0,CANDLE_SL,0,1,,0.0,20.6,,,,40.0,4.26,8.12,8.66,0.26,61.32,1,130,0,0,ALL,,,,,,,,,,,,,,,,
2026-04-13,13:13:30,13:33:35,NIFTY2641323800CE,CE,23800,62.4,73.75,11.35,1475.5,1475.5,1410.98,15.85,TRAIL_FLOOR,0,21,AFTERNOON,12,20.5,FAST,,,40.0,5.99,9.38,8.89,0.24,64.52,1,130,0,0,ALL,,,,,,,,,,,,,,,,
2026-04-13,13:53:31,13:54:35,NIFTY2641323850CE,CE,23850,51.65,58.2,6.55,851.5,851.5,790.43,6.55,PROFIT_FLOOR,0,2,AFTERNOON,12,20.3,FAST,,,40.0,4.73,7.57,8.56,0.2,61.07,1,130,0,0,ALL,,,,,,,,,,,,,,,,
2026-04-13,14:07:31,14:10:08,NIFTY2641323850PE,PE,23850,29.7,36.3,6.6,858.0,858.0,802.35,6.6,PROFIT_FLOOR,0,4,LATE,12,20.4,FAST,,,40.0,2.95,4.55,8.02,0.12,55.65,1,130,0,0,ALL,,,,,,,,,,,,,,,,
2026-04-13,14:23:31,14:25:36,NIFTY2641323850CE,CE,23850,38.75,44.75,6.0,780.0,780.0,722.22,6.0,PROFIT_FLOOR,0,3,LATE,12,20.5,FAST,,,40.0,3.64,5.75,8.23,0.15,57.78,1,130,0,0,ALL,,,,,,,,,,,,,,,,
2026-04-13,14:44:31,14:46:06,NIFTY2641323850PE,PE,23850,23.15,11.0,-12.15,-1579.5,-1579.5,-1630.45,0.0,CANDLE_SL,0,3,LATE,12,20.5,FAST,,,40.0,0.89,2.35,7.62,0.09,50.95,1,130,0,0,ALL,,,,,,,,,,,,,,,,
2026-04-13,15:09:31,15:12:41,NIFTY2641323850PE,PE,23850,20.85,8.75,-12.1,-1573.0,-1573.0,-1623.4,4.4,CANDLE_SL,0,4,LATE,12,20.6,FAST,,,40.0,0.71,2.04,7.57,0.08,50.4,1,130,0,0,ALL,,,,,,,,,,,,,,,,
2026-04-15,10:52:30,10:56:00,NIFTY2642124250CE,CE,24250,221.6,220.45,-1.15,-149.5,-149.5,-251.47,0.2,STALE_ENTRY,0,5,,0,18.7,3MIN,,,40.0,17.91,30.46,12.68,0.86,101.97,1,130,0,0,ALL,,,,,,,,,,,,,,,,
2026-04-15,10:56:31,11:01:00,NIFTY2642124200PE,PE,24200,216.2,215.55,-0.65,-84.5,-84.5,-185.21,1.75,STALE_ENTRY,0,5,,0,18.8,3MIN,,,40.0,17.51,29.75,12.55,0.84,100.71,1,130,0,0,ALL,,,,,,,,,,,,,,,,
2026-04-15,11:06:31,11:10:00,NIFTY2642124200CE,CE,24200,240.35,232.45,-7.9,-1027.0,-1027.0,-1132.53,0.0,STALE_ENTRY,0,5,,0,18.9,3MIN,,,40.0,18.89,32.58,13.06,0.94,105.53,1,130,0,0,ALL,,,,,,,,,,,,,,,,
2026-04-15,11:10:31,11:15:38,NIFTY2642124200PE,PE,24200,220.0,232.9,12.9,1677.0,1677.0,1573.14,17.45,TRAIL_FLOOR,0,5,,0,19.0,3MIN,,,40.0,18.92,31.2,12.82,0.86,103.86,1,130,0,0,ALL,,,,,,,,,,,,,,,,
2026-04-15,11:18:30,11:52:50,NIFTY2642124200CE,CE,24200,235.95,247.45,11.5,1495.0,1495.0,1387.4,16.05,TRAIL_FLOOR,0,35,,0,18.7,3MIN,,,40.0,20.11,33.31,13.2,0.92,107.6,1,130,0,0,ALL,,,,,,,,,,,,,,,,
2026-04-15,12:21:31,12:27:06,NIFTY2642124200PE,PE,24200,210.0,202.3,-7.7,-1001.0,-1001.0,-1099.03,10.0,EMA9_LOW_BREAK,0,7,,0,18.6,EMA9_BREAKOUT,,,40.0,16.44,28.41,12.31,0.82,98.03,1,130,0,0,ALL,,,,,,,,,,,,,,,,
2026-04-15,12:33:31,12:37:00,NIFTY2642124200PE,PE,24200,211.45,202.15,-9.3,-1209.0,-1209.0,-1307.12,0.95,STALE_ENTRY,0,5,,0,18.6,EMA9_BREAKOUT,,,40.0,16.42,28.5,12.33,0.82,98.12,1,130,0,0,ALL,,,,,,,,,,,,,,,,
2026-04-15,12:39:31,12:43:00,NIFTY2642124250CE,CE,24250,221.65,215.75,-5.9,-767.0,-767.0,-868.22,0.0,STALE_ENTRY,0,5,,0,18.6,EMA9_BREAKOUT,,,40.0,17.53,30.14,12.63,0.86,101.22,1,130,0,0,ALL,,,,,,,,,,,,,,,,
2026-04-15,12:48:31,13:12:26,NIFTY2642124200PE,PE,24200,210.35,204.95,-5.4,-702.0,-702.0,-800.48,12.35,EMA9_LOW_BREAK,0,26,,0,18.5,EMA9_BREAKOUT,,,40.0,16.65,28.61,12.35,0.82,98.48,1,130,0,0,ALL,,,,,,,,,,,,,,,,
2026-04-15,13:15:30,13:19:00,NIFTY2642124200CE,CE,24200,241.25,242.0,0.75,97.5,97.5,-9.65,1.4,STALE_ENTRY,0,5,,0,18.6,EMA9_BREAKOUT,,,40.0,19.66,33.3,13.19,0.94,107.15,1,130,0,0,ALL,,,,,,,,,,,,,,,,
2026-04-15,13:24:31,13:36:11,NIFTY2642124200PE,PE,24200,215.05,205.65,-9.4,-1222.0,-1222.0,-1321.01,12.7,EMA9_LOW_BREAK,0,13,,0,18.6,EMA9_BREAKOUT,,,40.0,16.71,28.99,12.42,0.84,99.01,1,130,0,0,ALL,,,,,,,,,,,,,,,,
2026-04-15,13:36:30,13:41:00,NIFTY2642124200CE,CE,24200,239.45,227.35,-12.1,-1573.0,-1573.0,-1677.61,0.05,STALE_ENTRY,0,5,,0,18.7,EMA9_BREAKOUT,,,40.0,18.47,32.16,12.99,0.93,104.61,1,130,0,0,ALL,,,,,,,,,,,,,,,,
2026-04-15,13:57:31,14:00:12,NIFTY2642124200CE,CE,24200,237.75,239.55,1.8,234.0,234.0,127.54,2.15,STALE_ENTRY,0,5,,0,18.6,EMA9_BREAKOUT,,,40.0,19.46,32.89,13.12,0.93,106.46,1,130,0,0,ALL,,,,,,,,,,,,,,,,
2026-04-15,14:30:30,14:39:09,NIFTY2642124250CE,CE,24250,215.7,206.05,-9.65,-1254.5,-1254.5,-1353.62,3.1,EMA9_LOW_BREAK,0,10,,0,18.6,EMA9_BREAKOUT,,,40.0,16.74,29.06,12.43,0.84,99.12,1,130,0,0,ALL,,,,,,,,,,,,,,,,
2026-04-15,14:39:31,14:44:00,NIFTY2642124200PE,PE,24200,204.75,200.95,-3.8,-494.0,-494.0,-591.36,0.0,STALE_ENTRY,0,5,,0,18.6,EMA9_BREAKOUT,,,40.0,16.33,27.95,12.23,0.8,97.36,1,130,0,0,ALL,,,,,,,,,,,,,,,,
2026-04-15,14:48:31,15:00:27,NIFTY2642124250CE,CE,24250,217.2,219.2,2.0,260.0,260.0,158.6,12.2,BREAKEVEN_LOCK,0,13,,0,18.5,EMA9_BREAKOUT,,,40.0,17.81,30.07,12.61,0.85,101.4,1,130,0,0,ALL,,,,,,,,,,,,,,,,
2026-04-16,12:24:31,12:39:58,NIFTY2642124150PE,PE,24150,200.2,202.2,2.0,260.0,260.0,162.82,18.45,BREAKEVEN_LOCK,0,16,,0,18.5,EMA9_BREAKOUT,,,40.0,16.43,27.73,12.19,0.78,97.18,1,130,0,0,ALL,,,,,,,,,,,,,,,,
2026-04-16,15:09:31,15:13:00,NIFTY2642124150PE,PE,24150,180.3,174.2,-6.1,-793.0,-793.0,-883.93,1.8,STALE_ENTRY,0,5,,0,18.1,EMA9_BREAKOUT,,,40.0,14.15,24.43,11.6,0.7,90.93,1,130,0,0,ALL,,,,,,,,,,,,,,,,
2026-04-17,09:54:36,10:39:13,NIFTY2642124200CE,CE,24200,181.75,203.35,21.6,2808.0,2808.0,2712.21,47.15,EMA9_LOW_BREAK,0,46,,0,17.9,EMA9_BREAKOUT,,,40.0,16.52,26.53,11.98,0.71,95.79,1,130,0,0,ALL,179.2,167.42,215.95,204.44,ABOVE,BELOW,72.9,,,,,,,,,
2026-04-17,11:12:36,11:16:00,NIFTY2642124250CE,CE,24250,179.6,180.4,0.8,104.0,104.0,12.13,1.65,STALE_ENTRY,0,5,,0,17.8,EMA9_BREAKOUT,,,40.0,14.66,24.8,11.66,0.7,91.87,1,130,0,0,ALL,177.98,168.98,178.53,170.05,ABOVE,ABOVE,59.9,,,,,,,,,
2026-04-17,12:02:36,12:07:39,NIFTY2642124300PE,PE,24300,172.9,174.9,2.0,260.0,260.0,169.6,10.95,BREAKEVEN_LOCK,0,6,,0,17.7,EMA9_BREAKOUT,,,40.0,14.21,23.96,11.51,0.67,90.4,1,130,0,0,ALL,172.87,164.27,176.3,167.79,ABOVE,IN,81.1,,,,,,,,,
2026-04-17,15:06:36,15:10:00,NIFTY2642124350CE,CE,24350,163.9,160.75,-3.15,-409.5,-409.5,-496.84,0.0,STALE_ENTRY,0,5,,0,17.2,EMA9_BREAKOUT,,,40.0,13.06,22.37,11.23,0.64,87.34,1,130,0,0,ALL,161.22,151.46,161.7,152.5,ABOVE,IN,95.0,,,,,,,,,
2026-04-20,09:42:35,09:53:13,NIFTY2642124350PE,PE,24350,149.3,164.3,15.0,1950.0,1950.0,1863.33,32.15,PROFIT_RATCHET,0,12,,0,18.4,EMA9_BREAKOUT,,,40.0,13.35,21.61,11.09,0.58,86.67,1,130,0,0,ALL,148.99,131.72,162.91,145.95,ABOVE,ABOVE,45.0,,,,,,,,,
2026-04-20,10:03:35,10:04:16,NIFTY2642124350CE,CE,24350,126.35,128.35,2.0,260.0,260.0,181.14,12.8,PROFIT_RATCHET,0,2,,0,18.2,EMA9_BREAKOUT,,,40.0,10.43,17.55,10.36,0.49,78.86,1,130,0,0,ALL,126.22,112.94,126.22,112.94,ABOVE,ABOVE,52.9,,,,,,,,,
2026-04-20,10:09:35,10:21:05,NIFTY2642124350CE,CE,24350,144.7,146.7,2.0,260.0,260.0,176.59,14.4,PROFIT_RATCHET,0,13,,0,18.1,EMA9_BREAKOUT,,,40.0,11.92,20.08,10.81,0.56,83.41,1,130,0,0,ALL,132.35,118.61,143.17,130.01,ABOVE,ABOVE,52.1,,,,,,,,,
2026-04-20,11:06:35,11:10:00,NIFTY2642124450CE,CE,24450,127.35,114.25,-13.1,-1703.0,-1703.0,-1779.66,0.0,STALE_ENTRY,0,5,,0,18.1,EMA9_BREAKOUT,,,40.0,9.28,16.65,10.2,0.5,76.66,1,130,0,0,ALL,124.18,115.21,125.22,115.51,ABOVE,BELOW,86.2,,,,,,,,,
2026-04-20,11:12:35,11:16:00,NIFTY2642124400PE,PE,24400,136.3,127.25,-9.05,-1176.5,-1176.5,-1256.03,0.0,STALE_ENTRY,0,5,,0,18.1,EMA9_BREAKOUT,,,40.0,10.34,18.16,10.47,0.53,79.53,1,130,0,0,ALL,133.5,124.53,134.06,125.25,ABOVE,IN,62.3,,,,,,,,,
2026-04-20,11:21:36,11:22:03,NIFTY2642124450CE,CE,24450,124.35,127.4,3.05,396.5,396.5,317.97,3.05,VELOCITY_STALL,0,2,,0,18.0,EMA9_BREAKOUT,,,40.0,10.35,17.35,10.32,0.48,78.53,1,130,0,0,ALL,123.21,114.16,123.21,114.16,ABOVE,ABOVE,61.9,,,,,,,,,
2026-04-20,11:27:35,11:42:19,NIFTY2642124450CE,CE,24450,139.5,137.55,-1.95,-253.5,-253.5,-334.99,3.7,VELOCITY_STALL,0,16,,0,18.1,EMA9_BREAKOUT,,,40.0,11.18,19.09,10.64,0.54,81.49,1,130,0,0,ALL,127.93,118.4,135.79,127.19,ABOVE,ABOVE,66.5,,,,,,,,,
2026-04-20,12:18:35,12:22:00,NIFTY2642124450PE,PE,24450,146.85,144.0,-2.85,-370.5,-370.5,-453.66,2.65,STALE_ENTRY,0,5,,0,18.2,EMA9_BREAKOUT,,,40.0,11.7,20.04,10.81,0.57,83.16,1,130,0,0,ALL,141.14,132.91,142.81,134.68,ABOVE,ABOVE,35.8,,,,,,,,,
2026-04-20,12:27:35,12:48:22,NIFTY2642124450CE,CE,24450,137.35,140.7,3.35,435.5,435.5,353.68,5.55,VELOCITY_STALL,0,22,,0,18.2,EMA9_BREAKOUT,,,40.0,11.43,19.16,10.65,0.54,81.82,1,130,0,0,ALL,132.21,123.36,139.27,130.95,ABOVE,ABOVE,76.7,,,,,,,,,
2026-04-20,13:03:36,13:12:54,NIFTY2642124450PE,PE,24450,143.6,158.6,15.0,1950.0,1950.0,1864.74,28.6,PROFIT_RATCHET,0,10,,0,18.4,EMA9_BREAKOUT,,,40.0,12.89,20.82,10.95,0.56,85.26,1,130,0,0,ALL,133.76,122.67,146.42,132.6,ABOVE,ABOVE,59.5,,,,,,,,,
2026-04-20,13:21:35,13:26:25,NIFTY2642124400PE,PE,24400,134.65,159.7,25.05,3256.5,3256.5,3171.82,26.05,FORCE_EXIT,0,6,,0,18.8,EMA9_BREAKOUT,,,40.0,12.98,20.28,10.85,0.53,84.68,1,130,0,0,ALL,132.54,120.01,137.29,123.03,ABOVE,ABOVE,47.6,,,,,,,,,
2026-04-20,13:33:35,13:34:22,NIFTY2642124400PE,PE,24400,151.6,145.55,-6.05,-786.5,-786.5,-870.31,0.0,FORCE_EXIT,0,2,,0,18.7,EMA9_BREAKOUT,,,40.0,11.83,20.47,10.88,0.59,83.81,1,130,0,0,ALL,149.46,132.76,149.46,132.76,ABOVE,IN,42.3,,,,,,,,,
2026-04-20,13:39:36,13:40:11,NIFTY2642124400PE,PE,24400,156.55,160.6,4.05,526.5,526.5,439.82,4.05,VELOCITY_STALL,0,2,,0,18.9,EMA9_BREAKOUT,,,40.0,13.05,21.85,11.13,0.61,86.68,1,130,0,0,ALL,153.15,137.96,153.15,137.96,ABOVE,ABOVE,48.5,,,,,,,,,
2026-04-20,14:06:35,14:10:00,NIFTY2642124400CE,CE,24400,116.75,113.4,-3.35,-435.5,-435.5,-511.11,0.0,STALE_ENTRY,0,5,,0,18.8,EMA9_BREAKOUT,,,40.0,9.21,15.86,10.05,0.46,75.61,1,130,0,0,ALL,123.46,113.99,122.29,113.05,IN,IN,36.3,,,,,,,,,
2026-04-20,14:39:35,14:39:43,NIFTY2642124400PE,PE,24400,137.35,140.4,3.05,396.5,396.5,314.72,3.05,VELOCITY_STALL,0,1,,0,18.6,EMA9_BREAKOUT,,,40.0,11.41,19.14,10.65,0.54,81.78,1,130,0,0,ALL,141.88,130.09,141.88,130.09,IN,IN,59.2,,,,,,,,,
2026-04-20,14:51:35,14:52:03,NIFTY2642124400CE,CE,24400,117.75,120.85,3.1,403.0,403.0,326.09,3.1,VELOCITY_STALL,0,2,,0,18.7,EMA9_BREAKOUT,,,40.0,9.82,16.44,10.16,0.46,76.91,1,130,0,0,ALL,126.49,115.56,126.49,115.56,IN,IN,81.2,,,,,,,,,
2026-04-20,15:06:36,15:17:34,NIFTY2642124400PE,PE,24400,141.7,168.65,26.95,3503.5,3503.5,3416.78,33.95,VISHAL_TRAIL,0,12,,0,18.8,EMA9_BREAKOUT,,,40.0,13.7,21.38,11.05,0.55,86.72,1,130,0,0,ALL,145.57,133.86,149.02,138.64,IN,ABOVE,76.6,,,,,,,,,
2026-04-21,09:33:35,09:36:30,NIFTY2642124450CE,CE,24450,69.7,69.7,0.0,0.0,0.0,-64.48,8.0,VISHAL_TRAIL,0,4,,0,18.1,EMA9_BREAKOUT,,,40.0,5.66,9.6,8.93,0.27,64.48,1,130,0,0,ALL,78.83,63.15,78.6,62.98,IN,IN,43.8,,,,,,,,,
2026-04-21,10:21:36,10:30:57,NIFTY2642124500PE,PE,24500,53.55,53.55,0.0,0.0,0.0,-60.48,8.85,VISHAL_TRAIL,0,10,,0,17.9,EMA9_BREAKOUT,,,40.0,4.35,7.38,8.53,0.21,60.48,1,130,0,0,ALL,60.13,52.01,60.75,53.34,IN,IN,52.8,,,,,,,,,
2026-04-21,10:33:35,10:41:39,NIFTY2642124500CE,CE,24500,53.2,63.2,10.0,1300.0,1300.0,1237.98,20.9,VISHAL_TRAIL,0,9,,0,17.7,EMA9_BREAKOUT,,,40.0,5.13,8.02,8.64,0.21,62.02,1,130,0,0,ALL,60.0,52.11,64.89,54.84,IN,IN,35.4,,,,,,,,,
2026-04-21,10:54:35,11:01:30,NIFTY2642124550CE,CE,24550,41.5,46.5,5.0,650.0,650.0,591.7,13.1,VISHAL_TRAIL,0,9,,0,17.7,EMA9_BREAKOUT,,,40.0,3.78,6.06,8.29,0.16,58.3,1,130,0,0,ALL,40.96,35.0,45.44,37.62,ABOVE,ABOVE,57.8,,,,,,,,,
2026-04-21,11:06:35,11:22:21,NIFTY2642124550CE,CE,24550,51.45,41.4,-10.05,-1306.5,-1306.5,-1364.82,1.8,EMERGENCY_SL,0,18,,0,17.6,EMA9_BREAKOUT,,,40.0,3.36,6.4,8.35,0.2,58.32,1,130,0,0,ALL,47.5,39.91,49.21,43.41,ABOVE,BELOW,79.1,,,,,,,,,
2026-04-21,11:22:35,11:36:56,NIFTY2642124550PE,PE,24550,47.15,57.15,10.0,1300.0,1300.0,1239.49,22.25,VISHAL_TRAIL,0,14,,0,17.7,EMA9_BREAKOUT,,,40.0,4.64,7.19,8.49,0.18,60.51,1,130,0,0,ALL,50.87,45.75,57.69,50.32,IN,IN,51.8,,,,,,,,,
2026-04-21,11:39:35,11:52:24,NIFTY2642124550CE,CE,24550,36.3,36.3,0.0,0.0,0.0,-56.2,4.7,FORCE_EXIT,0,14,,0,17.7,EMA9_BREAKOUT,,,40.0,2.95,5.0,8.1,0.14,56.2,1,130,0,0,ALL,41.63,36.16,40.33,34.94,IN,IN,80.5,,,,,,,,,
2026-04-21,11:52:35,11:59:39,NIFTY2642124500PE,PE,24500,32.85,29.7,-3.15,-409.5,-409.5,-464.34,2.0,FORCE_EXIT,0,7,,0,17.7,EMA9_BREAKOUT,,,40.0,2.41,4.31,7.98,0.13,54.84,1,130,0,0,ALL,35.02,28.77,34.28,28.25,IN,IN,98.6,,,,,,,,,
2026-04-21,11:59:40,12:01:22,NIFTY2642124550CE,CE,24550,37.6,33.95,-3.65,-474.5,-474.5,-530.44,0.0,FORCE_EXIT,0,2,,0,17.7,EMA9_BREAKOUT,,,40.0,2.76,4.93,8.09,0.15,55.94,1,130,0,0,ALL,39.27,34.08,38.86,33.36,IN,IN,83.8,,,,,,,,,
2026-04-21,12:42:35,12:42:37,NIFTY2642124550PE,PE,24550,34.75,34.65,-0.1,-13.0,-13.0,-68.81,0.0,STAGE2_UNCONFIRMED,0,1,,0,17.7,EMA9_BREAKOUT,,,40.0,2.82,4.78,8.06,0.14,55.81,1,130,0,0,ALL,36.32,31.53,36.32,31.53,IN,IN,44.0,,,,,,,,,
2026-04-21,13:39:36,13:45:59,NIFTY2642124550PE,PE,24550,32.05,42.05,10.0,1300.0,1300.0,1243.22,19.9,VISHAL_TRAIL,0,7,,0,17.8,EMA9_BREAKOUT,,,40.0,3.42,5.11,8.12,0.12,56.78,1,130,0,0,ALL,34.8,27.51,37.97,28.65,IN,ABOVE,67.9,,,,,,,,,
2026-04-21,13:57:36,14:01:10,NIFTY2642124550CE,CE,24550,32.8,22.8,-10.0,-1300.0,-1300.0,-1353.71,0.1,EMERGENCY_SL,0,5,,0,17.6,EMA9_BREAKOUT,,,40.0,1.85,3.83,7.89,0.13,53.71,1,130,0,0,ALL,29.51,21.55,30.21,22.86,ABOVE,BELOW,80.1,,,,,,,,,
2026-04-21,14:03:35,14:12:54,NIFTY2642124550PE,PE,24550,27.45,32.45,5.0,650.0,650.0,595.17,14.7,VISHAL_TRAIL,0,10,,0,17.7,EMA9_BREAKOUT,,,40.0,2.64,4.13,7.94,0.11,54.83,1,130,0,0,ALL,34.2,25.68,36.1,27.88,IN,IN,67.5,,,,,,,,,
2026-04-21,14:18:35,14:25:52,NIFTY2642124550CE,CE,24550,24.7,34.7,10.0,1300.0,1300.0,1245.04,22.3,VISHAL_TRAIL,0,8,,0,17.6,EMA9_BREAKOUT,,,40.0,2.82,4.09,7.94,0.1,54.96,1,130,0,0,ALL,24.29,17.71,29.74,19.71,ABOVE,ABOVE,83.7,,,,,,,,,
2026-04-21,14:42:35,14:43:52,NIFTY2642124550PE,PE,24550,18.5,23.5,5.0,650.0,650.0,597.4,13.45,VISHAL_TRAIL,0,2,,0,17.7,EMA9_BREAKOUT,,,40.0,1.91,2.89,7.72,0.07,52.6,1,130,0,0,ALL,20.46,13.81,20.46,13.81,IN,ABOVE,57.1,,,,,,,,,
2026-04-21,14:51:35,15:02:02,NIFTY2642124550CE,CE,24550,20.4,30.4,10.0,1300.0,1300.0,1246.11,23.7,VISHAL_TRAIL,0,12,,0,17.5,EMA9_BREAKOUT,,,40.0,2.47,3.5,7.83,0.08,53.89,1,130,0,0,ALL,23.15,14.31,25.24,15.44,IN,ABOVE,58.8,,,,,,,,,
2026-04-22,09:30:35,09:33:02,NIFTY26APR24450PE,PE,24450,250.2,240.15,-10.05,-1306.5,-1306.5,-1414.12,4.05,EMERGENCY_SL,0,4,,0,18.1,EMA9_BREAKOUT,,,40.0,19.51,33.79,13.28,0.98,107.62,1,130,0,0,ALL,224.55,211.46,224.55,211.46,ABOVE,ABOVE,84.2,,,,,,,,,
2026-04-22,09:33:36,09:40:03,NIFTY26APR24450CE,CE,24450,222.05,212.0,-10.05,-1306.5,-1306.5,-1407.15,7.7,EMERGENCY_SL,0,7,,0,18.2,EMA9_BREAKOUT,,,40.0,17.23,29.91,12.58,0.87,100.65,1,130,0,0,ALL,257.93,244.74,247.4,234.56,BELOW,BELOW,57.4,,,,,,,,,
2026-04-22,09:42:35,09:49:41,NIFTY26APR24450PE,PE,24450,256.25,267.32,11.07,1439.1,1439.1,1326.55,18.45,VISHAL_TRAIL,0,8,,0,18.3,EMA9_BREAKOUT,,,40.0,21.72,36.07,13.69,1.0,112.55,1,130,0,0,ALL,242.43,228.94,252.16,238.2,ABOVE,ABOVE,76.8,,,,,,,,,
2026-04-22,09:54:36,09:55:03,NIFTY26APR24400CE,CE,24400,232.4,226.2,-6.2,-806.0,-806.0,-909.84,0.0,FORCE_EXIT,0,2,,0,18.4,EMA9_BREAKOUT,,,40.0,18.38,31.6,12.89,0.91,103.84,1,130,0,0,ALL,250.89,238.79,250.89,238.79,BELOW,BELOW,43.2,,,,,,,,,
2026-04-22,09:57:35,10:00:58,NIFTY26APR24400PE,PE,24400,245.15,265.17,20.02,2602.6,2602.6,2491.33,28.6,VISHAL_TRAIL,0,4,,0,18.5,EMA9_BREAKOUT,,,40.0,21.55,35.16,13.53,0.96,111.27,1,130,0,0,ALL,238.9,226.34,242.12,229.89,ABOVE,ABOVE,47.7,,,,,,,,,
2026-04-22,10:06:35,10:10:25,NIFTY26APR24400PE,PE,24400,267.0,256.65,-10.35,-1345.5,-1345.5,-1457.23,0.0,EMERGENCY_SL,0,5,,0,18.5,EMA9_BREAKOUT,,,40.0,20.85,36.08,13.69,1.04,111.73,1,130,0,0,ALL,252.37,239.45,255.3,243.36,ABOVE,ABOVE,85.4,,,,,,,,,
2026-04-22,10:12:35,10:22:13,NIFTY26APR24400CE,CE,24400,215.8,205.75,-10.05,-1306.5,-1306.5,-1405.58,2.2,EMERGENCY_SL,0,11,,0,18.6,EMA9_BREAKOUT,,,40.0,16.72,29.04,12.43,0.84,99.08,1,130,0,0,ALL,228.37,218.75,222.9,214.5,BELOW,BELOW,57.1,,,,,,,,,
2026-04-22,10:22:36,10:23:38,NIFTY26APR24350PE,PE,24350,239.6,248.42,8.82,1146.6,1146.6,1038.56,14.7,VISHAL_TRAIL,0,1,,0,18.7,EMA9_BREAKOUT,,,40.0,20.18,33.62,13.25,0.93,108.04,1,130,0,0,ALL,237.66,227.86,237.66,227.86,ABOVE,ABOVE,58.6,,,,,,,,,
2026-04-22,10:27:35,10:49:39,NIFTY26APR24400CE,CE,24350,212.0,235.31,23.31,3030.3,3030.3,2926.72,33.3,VISHAL_TRAIL,0,23,,0,18.4,EMA9_BREAKOUT,,,40.0,19.12,30.82,12.75,0.83,103.58,1,130,0,0,ALL,219.68,211.24,218.11,211.52,IN,ABOVE,58.4,,,,,,,,,
2026-04-22,11:12:36,11:19:02,NIFTY26APR24400PE,PE,24400,231.95,221.45,-10.5,-1365.0,-1365.0,-1468.01,0.05,EMERGENCY_SL,0,8,,0,18.3,EMA9_BREAKOUT,,,40.0,17.99,31.24,12.82,0.9,103.01,1,130,0,0,ALL,233.84,224.87,233.84,224.87,,BELOW,53.1,,,,,,,,,
2026-04-22,11:24:36,11:42:58,NIFTY26APR24450CE,CE,24450,216.25,205.75,-10.5,-1365.0,-1365.0,-1464.12,5.75,EMERGENCY_SL,0,19,,0,18.2,EMA9_BREAKOUT,,,40.0,16.72,29.08,12.43,0.84,99.12,1,130,0,0,ALL,215.12,207.7,215.12,207.7,,BELOW,72.0,,,,,,,,,
2026-04-22,11:42:59,11:49:03,NIFTY26APR24400PE,PE,24450,218.2,236.96,18.76,2438.8,2438.8,2334.44,26.8,VISHAL_TRAIL,0,7,,0,18.4,EMA9_BREAKOUT,,,40.0,19.25,31.36,12.84,0.85,104.36,1,130,0,0,ALL,222.19,214.9,222.19,214.9,,ABOVE,60.2,,,,,,,,,
2026-04-22,12:00:36,12:14:25,NIFTY26APR24450CE,CE,24450,209.35,204.75,-4.6,-598.0,-598.0,-696.38,4.05,FORCE_EXIT,0,15,,0,18.2,EMA9_BREAKOUT,,,40.0,16.64,28.53,12.34,0.82,98.38,1,130,0,0,ALL,207.62,200.35,207.62,200.35,,IN,76.5,,,,,,,,,
2026-04-22,12:15:35,12:27:01,NIFTY26APR24400PE,PE,24400,219.15,221.15,2.0,260.0,260.0,158.12,10.6,VISHAL_TRAIL,0,13,,0,18.2,EMA9_BREAKOUT,,,40.0,17.97,30.34,12.66,0.85,101.88,1,130,0,0,ALL,221.82,213.56,221.82,213.56,,IN,52.8,,,,,,,,,
2026-04-22,12:39:35,12:44:00,NIFTY26APR24350PE,PE,24400,204.4,194.0,-10.4,-1352.0,-1352.0,-1448.2,0.0,EMERGENCY_SL,0,6,,0,18.2,EMA9_BREAKOUT,,,40.0,15.76,27.45,12.14,0.8,96.2,1,130,0,0,ALL,204.2,195.1,204.2,195.1,,BELOW,45.9,,,,,,,,,
2026-04-22,12:45:35,12:49:13,NIFTY26APR24400CE,CE,24400,227.5,217.4,-10.1,-1313.0,-1313.0,-1414.98,0.15,EMERGENCY_SL,0,5,,0,18.3,EMA9_BREAKOUT,,,40.0,17.66,30.65,12.72,0.89,101.98,1,130,0,0,ALL,229.1,221.96,229.1,221.96,,BELOW,66.7,,,,,,,,,
2026-04-22,12:49:36,12:56:56,NIFTY26APR24400PE,PE,24400,221.5,211.0,-10.5,-1365.0,-1365.0,-1465.42,7.5,EMERGENCY_SL,0,7,,0,18.2,EMA9_BREAKOUT,,,40.0,17.14,29.8,12.56,0.86,100.42,1,130,0,0,ALL,225.51,216.99,225.51,216.99,,BELOW,89.6,,,,,,,,,
2026-04-22,12:56:56,13:20:21,NIFTY26APR24450CE,CE,24450,200.35,188.9,-11.45,-1488.5,-1488.5,-1583.53,9.05,EMERGENCY_SL,0,24,,0,18.2,EMA9_BREAKOUT,,,40.0,15.35,26.82,12.03,0.78,95.03,1,130,0,0,ALL,202.48,195.08,202.48,195.08,,BELOW,48.6,,,,,,,,,
2026-04-22,13:20:36,13:27:14,NIFTY26APR24350PE,PE,24400,194.3,204.3,10.0,1300.0,1300.0,1202.99,21.95,VISHAL_TRAIL,0,7,,0,18.3,EMA9_BREAKOUT,,,40.0,16.6,27.46,12.14,0.76,97.01,1,130,0,0,ALL,195.66,186.9,195.66,186.9,,ABOVE,86.5,,,,,,,,,
2026-04-22,13:33:36,14:03:05,NIFTY26APR24450CE,CE,24450,194.9,204.9,10.0,1300.0,1300.0,1202.83,22.55,VISHAL_TRAIL,0,31,,0,17.9,EMA9_BREAKOUT,,,40.0,16.65,27.55,12.16,0.76,97.17,1,130,0,0,ALL,197.77,189.95,197.77,189.95,,ABOVE,52.8,,,,,,,,,
2026-04-22,14:06:35,14:19:32,NIFTY26APR24450PE,PE,24450,235.8,254.07,18.27,2375.1,2375.1,2266.45,26.1,VISHAL_TRAIL,0,14,,0,18.3,EMA9_BREAKOUT,,,40.0,20.64,33.75,13.28,0.92,108.65,1,130,0,0,ALL,239.01,227.27,239.01,227.27,,ABOVE,66.0,,,,,,,,,
2026-04-22,14:45:36,14:55:41,NIFTY26APR24400PE,PE,24400,222.7,212.4,-10.3,-1339.0,-1339.0,-1439.77,1.3,EMERGENCY_SL,0,11,,0,18.2,EMA9_BREAKOUT,,,40.0,17.26,29.98,12.6,0.87,100.77,1,130,0,0,ALL,223.61,215.22,223.61,215.22,,BELOW,79.4,,,,,,,,,
2026-04-22,14:55:42,15:01:15,NIFTY26APR24450CE,CE,24450,196.3,186.3,-10.0,-1300.0,-1300.0,-1394.26,8.1,EMERGENCY_SL,0,6,,0,18.3,EMA9_BREAKOUT,,,40.0,15.14,26.36,11.94,0.77,94.26,1,130,0,0,ALL,197.25,191.27,197.25,191.27,,BELOW,42.9,,,,,,,,,
2026-04-22,15:03:35,15:13:12,NIFTY26APR24400PE,PE,24400,229.35,234.35,5.0,650.0,650.0,545.11,13.65,VISHAL_TRAIL,0,11,,0,18.3,EMA9_BREAKOUT,,,40.0,19.04,31.95,12.95,0.89,104.89,1,130,0,0,ALL,224.86,214.76,224.86,214.76,,ABOVE,68.8,,,,,,,,,
2026-04-23,09:45:36,09:47:32,NIFTY26APR24300CE,CE,24250,165.35,172.16,6.81,885.3,885.3,796.0,11.35,VISHAL_TRAIL,0,3,,0,18.6,EMA9_BREAKOUT,,,40.0,13.99,23.25,11.38,0.64,89.3,1,130,0,0,ALL,174.37,162.23,174.37,162.23,,IN,57.1,,,,,,,,,
2026-04-23,10:24:35,10:54:13,NIFTY26APR24250PE,PE,24300,200.2,234.4,34.2,4446.0,4446.0,4343.58,52.8,FORCE_EXIT,0,31,,0,18.8,EMA9_BREAKOUT,,,40.0,19.05,29.94,12.59,0.78,102.42,1,130,0,0,ALL,205.56,195.73,205.56,195.73,,ABOVE,40.9,,,,,,,,,
2026-04-23,11:12:35,11:40:28,NIFTY26APR24200PE,PE,24200,205.75,208.0,2.25,292.5,292.5,193.91,14.05,FORCE_EXIT,0,29,,0,18.8,EMA9_BREAKOUT,,,40.0,16.9,28.51,12.33,0.8,98.59,1,130,0,0,ALL,209.09,199.2,209.09,199.2,,IN,61.0,,,,,,,,,
2026-04-23,11:54:36,12:26:55,NIFTY26APR24200CE,CE,24200,187.2,177.1,-10.1,-1313.0,-1313.0,-1404.99,9.7,EMERGENCY_SL,0,33,,0,18.6,EMA9_BREAKOUT,,,40.0,14.39,25.1,11.72,0.73,91.99,1,130,0,0,ALL,184.99,178.17,184.99,178.17,,BELOW,72.3,,,,,,,,,
2026-04-23,12:27:36,12:30:58,NIFTY26APR24200PE,PE,24200,202.0,208.0,6.0,780.0,780.0,681.72,10.0,VISHAL_TRAIL,0,4,,0,18.7,EMA9_BREAKOUT,,,40.0,16.9,28.25,12.29,0.79,98.28,1,130,0,0,ALL,198.11,188.0,198.11,188.0,,ABOVE,94.4,,,,,,,,,
2026-04-23,12:45:36,13:18:58,NIFTY26APR24250CE,CE,24200,155.5,162.94,7.44,967.2,967.2,880.22,12.4,VISHAL_TRAIL,0,34,,0,18.4,EMA9_BREAKOUT,,,40.0,13.24,21.94,11.15,0.61,86.98,1,130,0,0,ALL,156.36,149.99,156.36,149.99,,ABOVE,67.9,,,,,,,,,
2026-04-23,13:39:36,13:50:37,NIFTY26APR24200PE,PE,24200,183.5,173.45,-10.05,-1306.5,-1306.5,-1397.58,6.05,EMERGENCY_SL,0,12,,0,18.4,EMA9_BREAKOUT,,,40.0,14.09,24.59,11.63,0.72,91.08,1,130,0,0,ALL,174.69,163.18,174.69,163.18,,IN,96.9,,,,,,,,,
2026-04-23,13:57:35,14:00:33,NIFTY26APR24250CE,CE,24250,179.2,169.0,-10.2,-1326.0,-1326.0,-1415.99,2.65,EMERGENCY_SL,0,4,,0,18.3,EMA9_BREAKOUT,,,40.0,13.73,23.99,11.52,0.7,89.99,1,130,0,0,ALL,174.46,164.46,174.46,164.46,,IN,81.3,,,,,,,,,
2026-04-23,14:03:35,14:10:12,NIFTY26APR24250PE,PE,24250,196.4,203.18,6.78,881.4,881.4,784.38,11.3,VISHAL_TRAIL,0,8,,0,18.4,EMA9_BREAKOUT,,,40.0,16.51,27.53,12.16,0.77,97.02,1,130,0,0,ALL,201.54,190.64,201.54,190.64,,ABOVE,73.6,,,,,,,,,
2026-04-23,15:00:35,15:01:15,NIFTY26APR24200PE,PE,24200,203.4,193.2,-10.2,-1326.0,-1326.0,-1421.99,0.05,EMERGENCY_SL,0,2,,0,18.6,EMA9_BREAKOUT,,,40.0,15.7,27.33,12.12,0.79,95.99,1,130,0,0,ALL,207.44,197.49,207.44,197.49,,BELOW,45.6,,,,,,,,,
2026-04-23,15:03:35,15:09:00,NIFTY26APR24200CE,CE,24200,171.1,167.95,-3.15,-409.5,-409.5,-498.62,2.9,FORCE_EXIT,0,6,,0,18.5,EMA9_BREAKOUT,,,40.0,13.65,23.36,11.4,0.67,89.12,1,130,0,0,ALL,171.62,164.63,171.62,164.63,,IN,49.5,,,,,,,,,
2026-04-23,15:09:35,15:09:52,NIFTY26APR24200PE,PE,24200,200.65,203.25,2.6,338.0,338.0,240.62,3.05,FORCE_EXIT,0,1,,0,18.6,EMA9_BREAKOUT,,,40.0,16.51,27.83,12.21,0.78,97.38,1,130,0,0,ALL,204.69,194.72,204.69,194.72,,IN,54.1,,,,,,,,,
2026-04-24,10:03:36,10:09:51,NIFTY26APR24000CE,CE,24000,180.0,177.1,-2.9,-377.0,-377.0,-468.37,5.4,FORCE_EXIT,0,7,,0,19.3,EMA9_BREAKOUT,,,40.0,14.39,24.6,11.63,0.7,91.37,1,130,0,0,ALL,188.94,175.45,188.94,175.45,,IN,76.6,,,,,,,,,
2026-04-24,10:18:35,10:23:25,NIFTY26APR24000PE,PE,24000,173.35,181.57,8.22,1068.6,1068.6,977.07,13.7,VISHAL_TRAIL,0,6,,0,19.3,EMA9_BREAKOUT,,,40.0,14.75,24.45,11.6,0.68,91.53,1,130,0,0,ALL,178.12,165.87,178.12,165.87,,ABOVE,57.0,,,,,,,,,
2026-04-24,10:59:35,10:59:38,NIFTY26APR23900CE,CE,23900,203.7,192.7,-11.0,-1430.0,-1430.0,-1525.93,0.0,EMERGENCY_SL,0,1,,0,19.3,EMA9_BREAKOUT,,,40.0,15.66,27.31,12.12,0.79,95.93,1,130,0,0,ALL,209.33,200.46,209.33,200.46,,BELOW,75.0,,,,,,,,,
2026-04-24,11:00:36,11:17:52,NIFTY26APR23900PE,PE,23900,149.4,155.64,6.24,811.2,811.2,725.93,10.4,VISHAL_TRAIL,0,18,,0,19.3,EMA9_BREAKOUT,,,40.0,12.65,21.02,10.98,0.58,85.27,1,130,0,0,ALL,149.05,140.25,149.05,140.25,,ABOVE,78.7,,,,,,,,,
2026-04-24,11:21:36,11:36:32,NIFTY26APR23950CE,CE,23950,171.0,172.15,1.15,149.5,149.5,59.7,9.4,FORCE_EXIT,0,16,,0,19.2,EMA9_BREAKOUT,,,40.0,13.99,23.64,11.46,0.67,89.8,1,130,0,0,ALL,171.6,163.2,171.6,163.2,,ABOVE,100.0,,,,,,,,,
2026-04-24,11:36:35,11:37:41,NIFTY26APR23950PE,PE,23950,167.6,172.55,4.95,643.5,643.5,553.93,6.1,FORCE_EXIT,0,1,,0,19.2,EMA9_BREAKOUT,,,40.0,14.02,23.44,11.42,0.65,89.57,1,130,0,0,ALL,173.58,164.58,173.58,164.58,,IN,78.0,,,,,,,,,
2026-04-24,11:43:36,11:48:15,NIFTY26APR23900PE,PE,23950,146.75,153.35,6.6,858.0,858.0,773.33,6.7,FORCE_EXIT,0,6,,0,19.2,EMA9_BREAKOUT,,,40.0,12.46,20.68,10.92,0.57,84.67,1,130,0,0,ALL,149.33,141.83,149.33,141.83,,ABOVE,43.1,,,,,,,,,
2026-04-24,12:09:39,12:14:32,NIFTY26APR23900CE,CE,23900,189.7,195.76,6.06,787.8,787.8,692.56,10.1,VISHAL_TRAIL,0,6,,0,19.2,EMA9_BREAKOUT,,,40.0,15.91,26.56,11.98,0.74,95.24,1,130,0,0,ALL,189.66,182.47,189.66,182.47,,ABOVE,51.8,,,,,,,,,
2026-04-24,12:21:35,12:24:30,NIFTY26APR23900PE,PE,23900,149.65,155.74,6.09,791.7,791.7,706.4,10.15,VISHAL_TRAIL,0,4,,0,19.2,EMA9_BREAKOUT,,,40.0,12.65,21.04,10.99,0.58,85.3,1,130,0,0,ALL,152.99,145.3,152.99,145.3,,ABOVE,93.4,,,,,,,,,
2026-04-24,12:39:35,12:43:33,NIFTY26APR23900CE,CE,23900,187.15,176.75,-10.4,-1352.0,-1352.0,-1443.92,0.0,EMERGENCY_SL,0,5,,0,19.2,EMA9_BREAKOUT,,,40.0,14.36,25.07,11.71,0.73,91.92,1,130,0,0,ALL,186.83,178.23,186.83,178.23,,BELOW,72.5,,,,,,,,,
2026-04-24,12:45:35,12:48:01,NIFTY26APR23900PE,PE,23900,164.65,154.5,-10.15,-1319.5,-1319.5,-1405.88,0.0,EMERGENCY_SL,0,4,,0,19.3,EMA9_BREAKOUT,,,40.0,12.55,21.99,11.16,0.64,86.38,1,130,0,0,ALL,161.14,150.72,161.14,150.72,,IN,93.2,,,,,,,,,
2026-04-24,12:51:36,13:01:41,NIFTY26APR23900CE,CE,23900,184.55,174.3,-10.25,-1332.5,-1332.5,-1423.8,3.9,EMERGENCY_SL,0,11,,0,19.3,EMA9_BREAKOUT,,,40.0,14.16,24.72,11.65,0.72,91.3,1,130,0,0,ALL,184.97,176.22,184.97,176.22,,BELOW,68.8,,,,,,,,,
2026-04-24,13:03:35,13:10:02,NIFTY26APR23900PE,PE,23900,162.3,168.72,6.42,834.6,834.6,746.1,10.7,VISHAL_TRAIL,0,8,,0,19.4,EMA9_BREAKOUT,,,40.0,13.71,22.81,11.31,0.63,88.5,1,130,0,0,ALL,159.4,149.84,159.4,149.84,,ABOVE,91.4,,,,,,,,,
2026-04-24,13:33:36,13:38:55,NIFTY26APR23850PE,PE,23850,154.9,161.08,6.18,803.4,803.4,716.78,10.3,VISHAL_TRAIL,0,6,,0,19.6,EMA9_BREAKOUT,,,40.0,13.09,21.77,11.12,0.6,86.62,1,130,0,0,ALL,152.74,144.07,152.74,144.07,,ABOVE,82.1,,,,,,,,,
2026-04-24,13:48:36,14:06:08,NIFTY26APR23850CE,CE,23850,184.4,174.25,-10.15,-1319.5,-1319.5,-1410.79,5.5,EMERGENCY_SL,0,19,,0,19.8,EMA9_BREAKOUT,,,40.0,14.16,24.71,11.65,0.72,91.29,1,130,0,0,ALL,187.12,177.92,187.12,177.92,,BELOW,86.8,,,,,,,,,
2026-04-24,14:18:35,14:22:31,NIFTY26APR23850CE,CE,23850,188.4,194.4,6.0,780.0,780.0,685.11,10.0,VISHAL_TRAIL,0,5,,0,19.5,EMA9_BREAKOUT,,,40.0,15.79,26.37,11.95,0.73,94.89,1,130,0,0,ALL,185.03,177.04,185.03,177.04,,ABOVE,72.2,,,,,,,,,
2026-04-24,15:03:35,15:05:30,NIFTY26APR23900PE,PE,23900,166.65,177.71,11.06,1437.8,1437.8,1347.47,15.8,VISHAL_TRAIL,0,3,,0,19.7,EMA9_BREAKOUT,,,40.0,14.44,23.73,11.47,0.65,90.33,1,130,0,0,ALL,166.23,156.27,166.23,156.27,,ABOVE,62.0,,,,,,,,,
2026-04-27,09:35:35,09:37:04,NIFTY26APR24000CE,CE,24000,146.55,136.35,-10.2,-1326.0,-1326.0,-1407.89,0.2,EMERGENCY_SL,0,3,,0,19.0,EMA9_BREAKOUT,,,40.0,11.08,19.49,10.71,0.57,81.89,1,130,0,0,ALL,160.7,142.93,160.7,142.93,IN,BELOW,45.9,,,,,,,,,
2026-04-27,09:51:35,10:04:59,NIFTY26APR24100CE,CE,24100,118.25,107.65,-10.6,-1378.0,-1378.0,-1452.8,7.9,EMERGENCY_SL,0,14,,0,18.8,EMA9_BREAKOUT,,,40.0,8.75,15.56,10.0,0.46,74.8,1,130,0,0,ALL,106.61,92.37,106.61,92.37,ABOVE,ABOVE,71.2,,,,,,,,,
2026-04-27,10:10:35,10:14:54,NIFTY26APR24150CE,CE,24150,89.95,77.85,-12.1,-1573.0,-1573.0,-1640.54,1.55,EMERGENCY_SL,0,6,,0,18.8,EMA9_BREAKOUT,,,40.0,6.33,11.56,9.28,0.35,67.54,1,130,0,0,ALL,92.88,82.4,92.57,82.73,IN,BELOW,41.9,,,,,,,,,
2026-04-27,10:24:35,10:30:00,NIFTY26APR24050PE,PE,24050,91.95,97.8,5.85,760.5,760.5,689.55,9.75,VISHAL_TRAIL,0,7,,0,18.7,EMA9_BREAKOUT,,,40.0,7.95,13.07,9.55,0.36,70.95,1,130,0,0,ALL,92.59,81.77,92.59,81.77,IN,ABOVE,57.6,,,,,,,,,
2026-04-27,10:35:36,10:42:34,NIFTY26APR24000PE,PE,24000,92.9,82.75,-10.15,-1319.5,-1319.5,-1388.08,3.4,EMERGENCY_SL,0,8,,0,18.8,EMA9_BREAKOUT,,,40.0,6.72,12.1,9.38,0.36,68.58,1,130,0,0,ALL,79.39,67.58,79.39,67.58,ABOVE,ABOVE,85.0,,,,,,,,,
2026-04-27,10:51:35,11:00:00,NIFTY26APR24050CE,CE,24050,128.0,133.13,5.13,666.9,666.9,587.12,8.55,VISHAL_TRAIL,0,10,,0,18.5,EMA9_BREAKOUT,,,40.0,10.82,17.99,10.44,0.5,79.78,1,130,0,0,ALL,120.84,109.19,120.84,109.19,ABOVE,ABOVE,89.2,,,,,,,,,
2026-04-27,11:09:35,11:12:54,NIFTY26APR24050PE,PE,24050,105.4,95.25,-10.15,-1319.5,-1319.5,-1391.19,5.75,EMERGENCY_SL,0,4,,0,18.5,EMA9_BREAKOUT,,,40.0,7.74,13.82,9.69,0.41,71.69,1,130,0,0,ALL,97.17,86.58,97.17,86.58,ABOVE,IN,93.1,,,,,,,,,
2026-04-27,11:18:35,11:20:39,NIFTY26APR24050CE,CE,24050,123.2,113.1,-10.1,-1313.0,-1313.0,-1389.11,1.4,EMERGENCY_SL,0,3,,0,18.5,EMA9_BREAKOUT,,,40.0,9.19,16.28,10.13,0.48,76.11,1,130,0,0,ALL,121.76,109.75,121.76,109.75,ABOVE,IN,73.1,,,,,,,,,
2026-04-27,11:27:36,11:33:00,NIFTY26APR24050PE,PE,24050,98.8,105.88,7.08,920.4,920.4,847.54,11.8,VISHAL_TRAIL,0,7,,0,18.7,EMA9_BREAKOUT,,,40.0,8.6,14.1,9.74,0.39,72.86,1,130,0,0,ALL,96.07,85.31,96.07,85.31,ABOVE,ABOVE,93.6,,,,,,,,,
2026-04-27,11:38:35,11:45:00,NIFTY26APR24000PE,PE,24000,98.3,112.81,14.51,1886.3,1886.3,1812.35,19.35,VISHAL_TRAIL,0,8,,0,19.1,EMA9_BREAKOUT,,,40.0,9.17,14.55,9.82,0.38,73.95,1,130,0,0,ALL,84.43,73.01,84.43,73.01,ABOVE,ABOVE,55.2,,,,,,,,,
2026-04-27,12:00:35,12:16:37,NIFTY26APR24050CE,CE,24050,100.0,104.1,4.1,533.0,533.0,460.33,4.5,FORCE_EXIT,0,17,,0,18.8,EMA9_BREAKOUT,,,40.0,8.46,14.06,9.73,0.39,72.67,1,130,0,0,ALL,97.17,88.39,97.17,88.39,ABOVE,ABOVE,74.6,,,,,,,,,
2026-04-27,12:24:35,12:31:57,NIFTY26APR24050CE,CE,24050,102.3,107.88,5.58,725.4,725.4,651.91,9.3,VISHAL_TRAIL,0,9,,0,18.8,FAST,,,40.0,8.77,14.48,9.81,0.4,73.49,1,130,0,0,ALL,103.16,95.57,105.56,97.83,IN,ABOVE,74.5,,,,,,,,,
2026-04-27,12:37:35,12:50:53,NIFTY26APR24100CE,CE,24100,97.2,87.05,-10.15,-1319.5,-1319.5,-1389.14,2.6,EMERGENCY_SL,0,15,,0,18.7,EMA9_BREAKOUT,,,40.0,7.07,12.69,9.48,0.38,69.64,1,130,0,0,ALL,86.16,78.03,89.81,80.87,ABOVE,IN,87.5,,,,,,,,,
2026-04-27,12:56:35,12:56:56,NIFTY26APR24050CE,CE,24050,121.1,110.5,-10.6,-1378.0,-1378.0,-1453.51,0.0,EMERGENCY_SL,0,1,,0,18.7,EMA9_BREAKOUT,,,40.0,8.98,15.96,10.07,0.47,75.51,1,130,0,0,ALL,119.79,109.91,119.79,109.91,ABOVE,IN,62.0,,,,,,,,,
2026-04-27,13:03:35,13:09:57,NIFTY26APR24100CE,CE,24100,94.85,94.85,0.0,0.0,0.0,-70.72,5.0,VISHAL_TRAIL,0,7,,0,18.6,EMA9_BREAKOUT,,,40.0,7.71,13.07,9.55,0.37,70.72,1,130,0,0,ALL,93.26,85.33,93.26,85.33,ABOVE,ABOVE,86.9,,,,,,,,,
2026-04-27,13:15:35,13:24:00,NIFTY26APR24100CE,CE,24100,102.85,110.53,7.68,998.4,998.4,924.44,12.8,VISHAL_TRAIL,0,10,,0,18.6,EMA9_BREAKOUT,,,40.0,8.98,14.7,9.85,0.4,73.96,1,130,0,0,ALL,97.82,87.72,97.82,87.72,ABOVE,ABOVE,82.4,,,,,,,,,
2026-04-27,13:31:35,13:36:00,NIFTY26APR24100CE,CE,24100,105.3,110.28,4.98,647.4,647.4,573.28,8.3,VISHAL_TRAIL,0,6,,0,18.6,FAST,,,40.0,8.96,14.85,9.87,0.41,74.12,1,130,0,0,ALL,106.89,96.7,106.89,96.7,IN,ABOVE,52.4,,,,,,,,,
2026-04-27,13:42:35,13:50:02,NIFTY26APR24100CE,CE,24100,111.7,101.7,-10.0,-1300.0,-1300.0,-1373.28,3.15,EMERGENCY_SL,0,9,,0,18.4,EMA9_BREAKOUT,,,40.0,8.26,14.7,9.85,0.44,73.28,1,130,0,0,ALL,109.56,100.16,109.56,100.16,ABOVE,IN,93.6,,,,,,,,,
2026-04-27,13:52:35,13:57:00,NIFTY26APR24100PE,PE,24100,90.9,87.3,-3.6,-468.0,-468.0,-537.15,0.0,FLAT_2X,0,6,,0,18.4,EMA9_BREAKOUT,,,40.0,7.09,12.28,9.41,0.35,69.15,1,130,0,0,ALL,92.39,83.96,92.39,83.96,IN,IN,90.2,,,,,,,,,
2026-04-27,13:58:35,14:03:00,NIFTY26APR24100CE,CE,24100,110.35,106.75,-3.6,-468.0,-468.0,-541.98,0.25,FLAT_2X,0,6,,0,18.4,FAST,,,40.0,8.67,14.96,9.89,0.43,73.98,1,130,0,0,ALL,110.68,101.5,110.68,101.5,IN,IN,97.3,,,,,,,,,
2026-04-27,14:03:35,14:09:00,NIFTY26APR24100PE,PE,24100,87.85,84.5,-3.35,-435.5,-435.5,-503.94,3.7,FLAT_2X,0,6,,0,18.4,FAST,,,40.0,6.87,11.87,9.34,0.34,68.44,1,130,0,0,ALL,90.85,83.78,90.85,83.78,IN,IN,86.8,,,,,,,,,
2026-04-27,14:11:38,14:15:00,NIFTY26APR24100CE,CE,24100,107.75,108.75,1.0,130.0,130.0,55.9,9.6,FLAT_2X,0,5,,0,18.4,FAST,,,40.0,8.84,14.92,9.89,0.42,74.1,1,130,0,0,ALL,110.71,102.25,110.71,102.25,IN,IN,74.7,FAIL,89.3,83.59,False,5.71,,,,
2026-04-27,14:21:57,14:31:38,NIFTY26APR24100PE,PE,24100,86.9,89.9,3.0,390.0,390.0,320.77,8.25,VISHAL_TRAIL,0,13,,0,18.6,EMA9_BREAKOUT,,,40.0,7.3,12.18,9.39,0.34,69.23,1,130,0,0,ALL,89.5,82.58,90.52,83.89,IN,IN,48.6,NA,0.0,0.0,False,0.0,,,,
2026-04-27,14:31:38,14:33:00,NIFTY26APR24100PE,PE,24100,89.8,89.8,0.0,0.0,0.0,-69.47,14.4,FLAT_2X,0,2,,0,18.6,REENTRY,,,40.0,7.3,12.37,9.43,0.35,69.47,1,130,0,0,ALL,90.77,84.55,90.77,84.55,IN,IN,2.2,NA,0.0,0.0,False,0.0,,,,
2026-04-27,14:39:36,14:44:23,NIFTY26APR24150CE,CE,24150,73.9,76.9,3.0,390.0,390.0,323.98,8.0,VISHAL_TRAIL,0,7,,0,18.6,EMA9_BREAKOUT,,,40.0,6.25,10.39,9.07,0.29,66.02,1,130,0,0,ALL,80.39,72.31,79.7,71.71,IN,IN,43.3,NA,0.0,0.0,False,0.0,,,,
2026-04-27,14:44:35,14:51:00,NIFTY26APR24150CE,CE,24150,76.35,79.1,2.75,357.5,357.5,290.91,6.9,FLAT_2X,0,7,,0,18.6,REENTRY,,,40.0,6.43,10.71,9.13,0.3,66.59,1,130,0,0,ALL,79.7,71.71,79.7,71.71,IN,IN,41.2,FAIL,90.4,87.94,False,2.46,,,,
2026-04-27,14:54:35,15:09:00,NIFTY26APR24150CE,CE,24150,81.05,75.0,-6.05,-786.5,-786.5,-852.81,7.65,FLAT_2X,0,16,,0,18.4,REENTRY,,,40.0,6.09,10.75,9.13,0.32,66.31,1,130,0,0,ALL,80.89,73.72,83.94,75.42,ABOVE,BELOW,59.1,NA,0.0,0.0,False,0.0,0.0,0.0,0.0,0.0
2026-04-28,09:36:36,09:40:44,NIFTY26APR24100PE,PE,24100,59.3,49.2,-10.1,-1313.0,-1313.0,-1373.27,0.85,EMERGENCY_SL,0,5,,0,17.9,EMA9_BREAKOUT,NEUTRAL,49.6,40.0,4.0,7.48,8.55,0.23,60.27,1,130,0,0,ALL,73.89,57.5,73.89,57.5,IN,BELOW,47.7,PASS,50.9,59.96,True,-9.06,65.75,63.75,59.3,0.0
2026-04-28,09:42:48,09:48:00,NIFTY26APR24100CE,CE,24100,63.0,79.95,16.95,2203.5,2203.5,2137.91,21.95,VISHAL_TRAIL,0,7,,0,17.8,EMA9_BREAKOUT,NEUTRAL,49.6,40.0,6.5,9.85,8.97,0.25,65.59,1,130,0,0,ALL,73.5,56.65,73.5,56.65,IN,ABOVE,42.0,PASS,46.05,54.11,True,-8.06,65.75,63.75,63.0,11.0
2026-04-28,09:48:37,09:52:24,NIFTY26APR24100CE,CE,24100,68.3,58.2,-10.1,-1313.0,-1313.0,-1375.51,1.95,EMERGENCY_SL,0,4,,0,17.8,REENTRY,NEUTRAL,49.6,40.0,4.73,8.72,8.77,0.27,62.51,1,130,0,0,ALL,75.67,60.47,75.67,60.47,ABOVE,BELOW,40.0,PASS,57.95,72.19,True,-14.24,70.85,68.85,68.3,2.0
2026-04-28,09:52:35,09:57:00,NIFTY26APR24100CE,CE,24100,58.35,66.35,8.0,1040.0,1040.0,977.02,15.55,VISHAL_TRAIL,0,5,,0,17.8,REENTRY,NEUTRAL,49.6,40.0,5.39,8.59,8.75,0.23,62.98,1,130,0,0,ALL,76.19,60.4,76.19,60.4,IN,IN,84.3,PASS,43.7,45.04,True,-1.34,76.85,74.85,58.35,0.0
2026-04-28,10:03:14,10:35:08,NIFTY26APR24150CE,CE,24150,49.2,39.1,-10.1,-1313.0,-1313.0,-1370.75,6.75,EMERGENCY_SL,0,33,,0,17.5,EMA9_BREAKOUT,NEUTRAL,53.5,40.0,3.18,6.08,8.29,0.19,57.75,1,130,0,0,ALL,48.5,37.77,48.5,37.77,ABOVE,IN,71.8,PASS,43.75,58.12,True,-14.37,51.6,49.6,49.2,38.0
2026-04-28,10:36:42,10:48:00,NIFTY26APR24150PE,PE,24150,47.55,52.55,5.0,650.0,650.0,590.19,13.45,VISHAL_TRAIL,0,13,,0,17.4,EMA9_BREAKOUT,NEUTRAL,53.5,40.0,4.27,6.9,8.44,0.19,59.81,1,130,0,0,ALL,47.42,38.95,47.42,38.95,ABOVE,ABOVE,73.1,PASS,35.8,41.92,True,-6.12,49.55,47.55,47.55,6.0
2026-04-28,10:57:11,11:02:50,NIFTY26APR24150CE,CE,24150,48.7,38.55,-10.15,-1319.5,-1319.5,-1377.12,0.4,EMERGENCY_SL,0,6,,0,17.3,FAST,NEUTRAL,54.6,40.0,3.13,6.01,8.28,0.19,57.62,1,130,0,0,ALL,43.36,37.21,43.36,37.21,ABOVE,IN,62.2,PASS,26.75,36.98,True,-10.23,50.9,48.9,48.7,34.0
2026-04-28,11:02:51,11:11:59,NIFTY26APR24150CE,CE,24150,38.8,28.6,-10.2,-1326.0,-1326.0,-1381.16,4.1,EMERGENCY_SL,0,9,,0,17.4,REENTRY,NEUTRAL,54.6,40.0,2.32,4.64,8.04,0.15,55.16,1,130,0,0,ALL,46.54,39.22,46.54,39.22,ABOVE,BELOW,68.5,PASS,27.0,34.93,True,-7.93,51.75,49.75,38.8,0.0
2026-04-28,11:48:49,11:54:34,NIFTY26APR24100PE,PE,24100,52.2,55.2,3.0,390.0,390.0,329.37,8.0,VISHAL_TRAIL,0,7,,0,17.7,EMA9_BREAKOUT,NEUTRAL,46.4,40.0,4.49,7.4,8.53,0.2,60.63,1,130,0,0,ALL,58.85,45.89,58.85,45.89,IN,IN,50.4,PASS,27.15,30.65,True,-3.5,54.3,52.3,52.2,14.0
2026-04-28,11:57:35,12:00:19,NIFTY26APR24100PE,PE,24100,53.6,68.0,14.4,1872.0,1872.0,1809.15,14.9,FORCE_EXIT,0,4,,0,17.9,REENTRY,NEUTRAL,44.7,40.0,5.53,8.38,8.71,0.21,62.85,1,130,0,0,ALL,59.45,48.76,59.45,48.76,ABOVE,ABOVE,39.4,PASS,23.45,27.51,True,-4.06,59.75,57.75,53.6,0.0
2026-04-28,12:07:38,12:14:16,NIFTY26APR24050PE,PE,24050,51.15,40.85,-10.3,-1339.0,-1339.0,-1397.21,0.0,EMERGENCY_SL,0,4,,0,17.9,FAST,NEUTRAL,43.3,40.0,3.32,6.34,8.34,0.2,58.21,1,130,0,0,ALL,41.46,31.22,44.06,34.23,ABOVE,IN,46.8,NA,0.0,0.0,False,0.0,0.0,0.0,0.0,0.0
2026-04-28,12:24:48,12:30:51,NIFTY26APR24000PE,PE,24000,32.4,27.4,-5.0,-650.0,-650.0,-704.43,5.0,VISHAL_TRAIL,0,7,,0,18.1,EMA9_BREAKOUT,NEUTRAL,43.3,40.0,2.23,4.12,7.94,0.13,54.43,1,130,0,0,ALL,28.54,19.06,28.54,19.06,ABOVE,IN,63.3,PASS,37.8,54.97,True,-17.17,36.8,33.3,32.4,8.0
2026-04-28,12:34:16,12:35:41,NIFTY26APR24000PE,PE,24000,39.7,29.65,-10.05,-1306.5,-1306.5,-1361.91,0.6,EMERGENCY_SL,0,2,,0,18.1,REENTRY,NEUTRAL,43.3,40.0,2.41,4.78,8.06,0.15,55.41,1,130,0,0,ALL,34.44,23.44,34.44,23.44,ABOVE,IN,72.3,PASS,31.45,44.77,True,-13.32,43.25,39.85,39.7,41.0
2026-04-28,12:38:26,12:44:08,NIFTY26APR24000CE,CE,24000,37.85,40.85,3.0,390.0,390.0,332.92,8.1,VISHAL_TRAIL,0,7,,0,18.1,EMA9_BREAKOUT,NEUTRAL,43.3,40.0,3.32,5.42,8.18,0.15,57.08,1,130,0,0,ALL,54.22,41.91,54.22,41.91,IN,BELOW,74.7,FAIL,29.8,24.39,False,5.41,42.6,37.88,37.85,49.0
2026-04-28,13:01:35,13:03:53,NIFTY26APR24000PE,PE,24000,31.1,20.95,-10.15,-1319.5,-1319.5,-1372.77,0.75,EMERGENCY_SL,0,3,,0,17.8,EMA9_BREAKOUT,NEUTRAL,42.4,40.0,1.7,3.59,7.85,0.12,53.27,1,130,0,0,ALL,31.84,24.16,31.84,24.16,ABOVE,BELOW,63.8,PASS,33.2,39.8,True,-6.6,34.7,31.18,31.1,57.0
2026-04-28,13:04:56,13:18:03,NIFTY26APR24050CE,CE,24050,17.5,20.5,3.0,390.0,390.0,337.97,8.1,VISHAL_TRAIL,0,15,,0,17.9,EMA9_BREAKOUT,NEUTRAL,42.4,40.0,1.67,2.62,7.67,0.07,52.03,1,130,0,0,ALL,22.99,17.56,22.99,17.56,IN,IN,78.1,FAIL,54.75,50.1,False,4.65,18.15,17.56,17.5,2.0
2026-04-28,13:21:50,13:24:37,NIFTY26APR24050PE,PE,24050,45.0,35.0,-10.0,-1300.0,-1300.0,-1356.73,0.0,EMERGENCY_SL,0,4,,0,17.9,EMA9_BREAKOUT,NEUTRAL,42.4,40.0,2.84,5.51,8.19,0.18,56.73,1,130,0,0,ALL,55.23,43.29,55.23,43.29,IN,BELOW,68.5,PASS,17.15,17.52,True,-0.37,53.3,45.2,45.0,15.0
2026-04-28,13:37:17,13:40:44,NIFTY26APR24000PE,PE,24000,44.75,33.4,-11.35,-1475.5,-1475.5,-1531.94,5.7,EMERGENCY_SL,0,4,,0,18.0,EMA9_BREAKOUT,NEUTRAL,42.4,40.0,2.71,5.38,8.17,0.17,56.44,1,130,0,0,ALL,33.55,21.01,33.55,21.01,ABOVE,IN,97.2,PASS,18.55,34.78,True,-16.23,57.75,45.33,44.75,35.0
2026-04-28,13:44:42,13:53:31,NIFTY26APR24000CE,CE,24000,28.55,31.55,3.0,390.0,390.0,335.23,8.7,VISHAL_TRAIL,0,10,,0,18.1,EMA9_BREAKOUT,NEUTRAL,42.4,40.0,2.56,4.14,7.95,0.11,54.77,1,130,0,0,ALL,41.46,28.87,41.46,28.87,IN,IN,59.3,FAIL,31.65,25.53,False,6.12,29.25,28.87,28.55,5.0
2026-04-28,13:54:38,14:03:00,NIFTY26APR24000CE,CE,24000,30.9,38.9,8.0,1040.0,1040.0,983.83,18.15,VISHAL_TRAIL,0,10,,0,18.0,REENTRY,NEUTRAL,41.3,40.0,3.16,4.81,8.07,0.12,56.17,1,130,0,0,ALL,36.3,25.69,36.3,25.69,IN,ABOVE,64.6,PASS,24.1,26.14,True,-2.04,32.95,31.18,30.9,3.0
2026-04-28,14:06:42,14:12:00,NIFTY26APR24000PE,PE,24000,27.8,32.8,5.0,650.0,650.0,595.08,12.05,VISHAL_TRAIL,0,7,,0,18.1,EMA9_BREAKOUT,NEUTRAL,41.3,40.0,2.67,4.18,7.95,0.11,54.92,1,130,0,0,ALL,33.79,22.98,33.79,22.98,IN,IN,59.8,PASS,22.95,25.58,True,-2.63,30.95,28.25,27.8,7.0
2026-04-28,14:26:21,14:30:48,NIFTY26APR24000CE,CE,24000,21.4,24.4,3.0,390.0,390.0,337.0,8.35,VISHAL_TRAIL,0,5,,0,18.1,EMA9_BREAKOUT,NEUTRAL,41.3,40.0,1.98,3.16,7.77,0.08,53.0,1,130,0,0,ALL,27.43,18.04,27.43,18.04,IN,IN,63.7,PASS,21.55,25.33,True,-3.78,24.65,21.95,21.4,44.0
2026-04-28,15:03:57,15:09:00,NIFTY26APR24000PE,PE,24000,5.55,10.55,5.0,650.0,650.0,600.61,12.7,VISHAL_TRAIL,0,7,,0,18.1,EMA9_BREAKOUT,NEUTRAL,45.0,40.0,0.86,1.11,7.4,0.02,49.39,1,130,0,0,ALL,10.56,4.86,10.56,4.86,IN,IN,83.2,PASS,8.15,21.62,True,-13.47,10.1,6.58,5.55,21.0
